discipline_title,event_title,event_gender,medal_type,participant_type,participant_title,athlete_url,athlete_full_name,country_name,country_code,country_3_letter_code
Fencing,foil individual women,Women,GOLD,Athlete,,https://olympics.com/en/athletes/jujie-luan,Jujie LUAN,People's Republic of China,CN,CHN
Fencing,foil individual women,Women,SILVER,Athlete,,https://olympics.com/en/athletes/cornelia-hanisch,Cornelia HANISCH,Federal Republic of Germany,DE,FRG
Fencing,foil individual women,Women,BRONZE,Athlete,,https://olympics.com/en/athletes/dorina-vaccaroni,Dorina VACCARONI,Italy,IT,ITA
Fencing,foil team men,Men,GOLD,GameTeam,Italy team,,,Italy,IT,ITA
Fencing,foil team men,Men,SILVER,GameTeam,West Germany team,,,Federal Republic of Germany,DE,FRG
Fencing,foil team men,Men,BRONZE,GameTeam,France team,,,France,FR,FRA
Fencing,sabre individual men,Men,GOLD,Athlete,,https://olympics.com/en/athletes/jean-francois-lamour,Jean-François LAMOUR,France,FR,FRA
Fencing,sabre individual men,Men,SILVER,Athlete,,https://olympics.com/en/athletes/marco-marin,Marco MARIN,Italy,IT,ITA
Fencing,sabre individual men,Men,BRONZE,Athlete,,https://olympics.com/en/athletes/peter-jonathan-westbrook,Peter Jonathan WESTBROOK,United States of America,US,USA
Fencing,foil individual men,Men,GOLD,Athlete,,https://olympics.com/en/athletes/mauro-numa,Mauro NUMA,Italy,IT,ITA
Fencing,foil individual men,Men,SILVER,Athlete,,https://olympics.com/en/athletes/matthias-behr,Matthias BEHR,Federal Republic of Germany,DE,FRG
Fencing,foil individual men,Men,BRONZE,Athlete,,https://olympics.com/en/athletes/stefano-cerioni,Stefano CERIONI,Italy,IT,ITA
Fencing,foil team women,Women,GOLD,GameTeam,West Germany team,,,Federal Republic of Germany,DE,FRG
Fencing,foil team women,Women,SILVER,GameTeam,Romania team,,,Romania,RO,ROU
Fencing,foil team women,Women,BRONZE,GameTeam,France team,,,France,FR,FRA
Fencing,épée individual men,Men,GOLD,Athlete,,https://olympics.com/en/athletes/philippe-boisse,Philippe BOISSE,France,FR,FRA
Fencing,épée individual men,Men,SILVER,Athlete,,https://olympics.com/en/athletes/bjorne-vaggo,Björne VÄGGÖ,Sweden,SE,SWE
Fencing,épée individual men,Men,BRONZE,Athlete,,https://olympics.com/en/athletes/philippe-riboud,Philippe RIBOUD,France,FR,FRA
Fencing,sabre team men,Men,GOLD,GameTeam,Italy team,,,Italy,IT,ITA
Fencing,sabre team men,Men,SILVER,GameTeam,France team,,,France,FR,FRA
Fencing,sabre team men,Men,BRONZE,GameTeam,Romania team,,,Romania,RO,ROU
Fencing,épée team men,Men,GOLD,GameTeam,West Germany team,,,Federal Republic of Germany,DE,FRG
Fencing,épée team men,Men,SILVER,GameTeam,France team,,,France,FR,FRA
Fencing,épée team men,Men,BRONZE,GameTeam,Italy team,,,Italy,IT,ITA
Equestrian Eventing,team mixed,Open,GOLD,GameTeam,United States team,,,United States of America,US,USA
Equestrian Eventing,team mixed,Open,SILVER,GameTeam,Great Britain team,,,Great Britain,GB,GBR
Equestrian Eventing,team mixed,Open,BRONZE,GameTeam,West Germany team,,,Federal Republic of Germany,DE,FRG
Equestrian Eventing,individual mixed,Open,GOLD,Athlete,,https://olympics.com/en/athletes/marcus-james-todd,Marcus James TODD,New Zealand,NZ,NZL
Equestrian Eventing,individual mixed,Open,SILVER,Athlete,,https://olympics.com/en/athletes/karen-elizabeth-stives-lende,Karen Elizabeth STIVES-LENDE,United States of America,US,USA
Equestrian Eventing,individual mixed,Open,BRONZE,Athlete,,https://olympics.com/en/athletes/virginia-holgate-leng,Virginia HOLGATE-LENG,Great Britain,GB,GBR
Volleyball,volleyball women,Women,GOLD,GameTeam,People's Republic of China team,,,People's Republic of China,CN,CHN
Volleyball,volleyball women,Women,SILVER,GameTeam,United States team,,,United States of America,US,USA
Volleyball,volleyball women,Women,BRONZE,GameTeam,Japan team,,,Japan,JP,JPN
Volleyball,volleyball men,Men,GOLD,GameTeam,United States team,,,United States of America,US,USA
Volleyball,volleyball men,Men,SILVER,GameTeam,Brazil team,,,Brazil,BR,BRA
Volleyball,volleyball men,Men,BRONZE,GameTeam,Italy team,,,Italy,IT,ITA
Equestrian Jumping,individual mixed,Open,GOLD,Athlete,,https://olympics.com/en/athletes/joseph-halpin-iv-fargis,"Joseph Halpin, Iv FARGIS",United States of America,US,USA
Equestrian Jumping,individual mixed,Open,SILVER,Athlete,,https://olympics.com/en/athletes/conrad-e-homfeld,Conrad E. HOMFELD,United States of America,US,USA
Equestrian Jumping,individual mixed,Open,BRONZE,Athlete,,https://olympics.com/en/athletes/adelheid-robbiani,Adelheid ROBBIANI,Switzerland,CH,SUI
Equestrian Jumping,team mixed,Open,GOLD,GameTeam,United States team,,,United States of America,US,USA
Equestrian Jumping,team mixed,Open,SILVER,GameTeam,Great Britain team,,,Great Britain,GB,GBR
Equestrian Jumping,team mixed,Open,BRONZE,GameTeam,West Germany team,,,Federal Republic of Germany,DE,FRG
Canoe Sprint,K1 500m kayak single men,Men,GOLD,Athlete,,https://olympics.com/en/athletes/ian-gordon-ferguson,Ian Gordon FERGUSON,New Zealand,NZ,NZL
Canoe Sprint,K1 500m kayak single men,Men,SILVER,Athlete,,https://olympics.com/en/athletes/lars-erik-moberg,Lars-Erik MOBERG,Sweden,SE,SWE
Canoe Sprint,K1 500m kayak single men,Men,BRONZE,Athlete,,https://olympics.com/en/athletes/bernard-bregeon,Bernard BREGEON,France,FR,FRA
Canoe Sprint,K2 500m kayak double women,Women,GOLD,GameTeam,Sweden team,https://olympics.com/en/athletes/agneta-andersson,Agneta ANDERSSON,Sweden,SE,SWE
Canoe Sprint,K2 500m kayak double women,Women,GOLD,GameTeam,Sweden team,https://olympics.com/en/athletes/anna-olsson-2,Anna OLSSON,Sweden,SE,SWE
Canoe Sprint,K2 500m kayak double women,Women,SILVER,GameTeam,Canada team,https://olympics.com/en/athletes/alexandra-barre,Alexandra BARRE,Canada,CA,CAN
Canoe Sprint,K2 500m kayak double women,Women,SILVER,GameTeam,Canada team,https://olympics.com/en/athletes/susan-holloway,Susan HOLLOWAY,Canada,CA,CAN
Canoe Sprint,K2 500m kayak double women,Women,BRONZE,GameTeam,West Germany team,https://olympics.com/en/athletes/josefa-idem,Josefa IDEM,Federal Republic of Germany,DE,FRG
Canoe Sprint,K2 500m kayak double women,Women,BRONZE,GameTeam,West Germany team,https://olympics.com/en/athletes/barbara-pohlmann-lewe,Barbara POHLMANN-LEWE,Federal Republic of Germany,DE,FRG
Canoe Sprint,C2 500m canoe double men,Men,GOLD,GameTeam,Yugoslavia team,https://olympics.com/en/athletes/matija-ljubek,Matija LJUBEK,Yugoslavia,YUCS,YUG
Canoe Sprint,C2 500m canoe double men,Men,GOLD,GameTeam,Yugoslavia team,https://olympics.com/en/athletes/mirko-nisovic,Mirko NISOVIC,Yugoslavia,YUCS,YUG
Canoe Sprint,C2 500m canoe double men,Men,SILVER,GameTeam,Romania team,https://olympics.com/en/athletes/ivan-patzaichin,Ivan PATZAICHIN,Romania,RO,ROU
Canoe Sprint,C2 500m canoe double men,Men,SILVER,GameTeam,Romania team,https://olympics.com/en/athletes/toma-simionov,Toma SIMIONOV,Romania,RO,ROU
Canoe Sprint,C2 500m canoe double men,Men,BRONZE,GameTeam,Spain team,https://olympics.com/en/athletes/enrique-miguez-gomez,Enrique MIGUEZ GOMEZ,Spain,ES,ESP
Canoe Sprint,C2 500m canoe double men,Men,BRONZE,GameTeam,Spain team,https://olympics.com/en/athletes/narciso-suarez-amador,Narciso SUAREZ AMADOR,Spain,ES,ESP
Canoe Sprint,K4 500m kayak four women,Women,GOLD,GameTeam,Romania team,,,Romania,RO,ROU
Canoe Sprint,K4 500m kayak four women,Women,SILVER,GameTeam,Sweden team,,,Sweden,SE,SWE
Canoe Sprint,K4 500m kayak four women,Women,BRONZE,GameTeam,Canada team,,,Canada,CA,CAN
Canoe Sprint,K1 1000m kayak single men,Men,GOLD,Athlete,,https://olympics.com/en/athletes/alan-blair-thompson,Alan Blair THOMPSON,New Zealand,NZ,NZL
Canoe Sprint,K1 1000m kayak single men,Men,SILVER,Athlete,,https://olympics.com/en/athletes/milan-janic,Milan JANIC,Yugoslavia,YUCS,YUG
Canoe Sprint,K1 1000m kayak single men,Men,BRONZE,Athlete,,https://olympics.com/en/athletes/gregory-mark-barton,Gregory Mark BARTON,United States of America,US,USA
Canoe Sprint,C1 500m canoe single men,Men,GOLD,Athlete,,https://olympics.com/en/athletes/lawrence-cain,Lawrence CAIN,Canada,CA,CAN
Canoe Sprint,C1 500m canoe single men,Men,SILVER,Athlete,,https://olympics.com/en/athletes/henning-lynge-jakobsen,Henning Lynge JAKOBSEN,Denmark,DK,DEN
Canoe Sprint,C1 500m canoe single men,Men,BRONZE,Athlete,,https://olympics.com/en/athletes/costica-olaru,Costica OLARU,Romania,RO,ROU
Canoe Sprint,C1 1000m canoe single men,Men,GOLD,Athlete,,https://olympics.com/en/athletes/ulrich-eicke,Ulrich EICKE,Federal Republic of Germany,DE,FRG
Canoe Sprint,C1 1000m canoe single men,Men,SILVER,Athlete,,https://olympics.com/en/athletes/lawrence-cain,Lawrence CAIN,Canada,CA,CAN
Canoe Sprint,C1 1000m canoe single men,Men,BRONZE,Athlete,,https://olympics.com/en/athletes/henning-lynge-jakobsen,Henning Lynge JAKOBSEN,Denmark,DK,DEN
Canoe Sprint,C2 1000m canoe double men,Men,GOLD,GameTeam,Romania team,https://olympics.com/en/athletes/ivan-patzaichin,Ivan PATZAICHIN,Romania,RO,ROU
Canoe Sprint,C2 1000m canoe double men,Men,GOLD,GameTeam,Romania team,https://olympics.com/en/athletes/toma-simionov,Toma SIMIONOV,Romania,RO,ROU
Canoe Sprint,C2 1000m canoe double men,Men,SILVER,GameTeam,Yugoslavia team,https://olympics.com/en/athletes/matija-ljubek,Matija LJUBEK,Yugoslavia,YUCS,YUG
Canoe Sprint,C2 1000m canoe double men,Men,SILVER,GameTeam,Yugoslavia team,https://olympics.com/en/athletes/mirko-nisovic,Mirko NISOVIC,Yugoslavia,YUCS,YUG
Canoe Sprint,C2 1000m canoe double men,Men,BRONZE,GameTeam,France team,https://olympics.com/en/athletes/didier-hoyer,Didier HOYER,France,FR,FRA
Canoe Sprint,C2 1000m canoe double men,Men,BRONZE,GameTeam,France team,https://olympics.com/en/athletes/eric-renaud,Eric RENAUD,France,FR,FRA
Canoe Sprint,K4 1000m kayak four men,Men,GOLD,GameTeam,New Zealand team,,,New Zealand,NZ,NZL
Canoe Sprint,K4 1000m kayak four men,Men,SILVER,GameTeam,Sweden team,,,Sweden,SE,SWE
Canoe Sprint,K4 1000m kayak four men,Men,BRONZE,GameTeam,France team,,,France,FR,FRA
Canoe Sprint,K2 500m kayak double men,Men,GOLD,GameTeam,New Zealand team,https://olympics.com/en/athletes/ian-gordon-ferguson,Ian Gordon FERGUSON,New Zealand,NZ,NZL
Canoe Sprint,K2 500m kayak double men,Men,GOLD,GameTeam,New Zealand team,https://olympics.com/en/athletes/christopher-paul-mac-donald,Christopher Paul MAC DONALD,New Zealand,NZ,NZL
Canoe Sprint,K2 500m kayak double men,Men,SILVER,GameTeam,Sweden team,https://olympics.com/en/athletes/per-inge-bengtsson,Per-Inge BENGTSSON,Sweden,SE,SWE
Canoe Sprint,K2 500m kayak double men,Men,SILVER,GameTeam,Sweden team,https://olympics.com/en/athletes/lars-erik-moberg,Lars-Erik MOBERG,Sweden,SE,SWE
Canoe Sprint,K2 500m kayak double men,Men,BRONZE,GameTeam,Canada team,https://olympics.com/en/athletes/hugh-fisher,Hugh FISHER,Canada,CA,CAN
Canoe Sprint,K2 500m kayak double men,Men,BRONZE,GameTeam,Canada team,https://olympics.com/en/athletes/alwyn-morris,Alwyn MORRIS,Canada,CA,CAN
Canoe Sprint,K2 1000m kayak double men,Men,GOLD,GameTeam,Canada team,https://olympics.com/en/athletes/hugh-fisher,Hugh FISHER,Canada,CA,CAN
Canoe Sprint,K2 1000m kayak double men,Men,GOLD,GameTeam,Canada team,https://olympics.com/en/athletes/alwyn-morris,Alwyn MORRIS,Canada,CA,CAN
Canoe Sprint,K2 1000m kayak double men,Men,SILVER,GameTeam,France team,https://olympics.com/en/athletes/bernard-bregeon,Bernard BREGEON,France,FR,FRA
Canoe Sprint,K2 1000m kayak double men,Men,SILVER,GameTeam,France team,https://olympics.com/en/athletes/patrick-lefoulon,Patrick LEFOULON,France,FR,FRA
Canoe Sprint,K2 1000m kayak double men,Men,BRONZE,GameTeam,Australia team,https://olympics.com/en/athletes/barry-kelly,Barry KELLY,Australia,AU,AUS
Canoe Sprint,K2 1000m kayak double men,Men,BRONZE,GameTeam,Australia team,https://olympics.com/en/athletes/grant-kenny,Grant KENNY,Australia,AU,AUS
Canoe Sprint,K1 500m kayak single women,Women,GOLD,Athlete,,https://olympics.com/en/athletes/agneta-andersson,Agneta ANDERSSON,Sweden,SE,SWE
Canoe Sprint,K1 500m kayak single women,Women,SILVER,Athlete,,https://olympics.com/en/athletes/barbara-pohlmann-lewe,Barbara POHLMANN-LEWE,Federal Republic of Germany,DE,FRG
Canoe Sprint,K1 500m kayak single women,Women,BRONZE,Athlete,,https://olympics.com/en/athletes/annemarie-derckx,Annemarie DERCKX,Netherlands,NL,NED
Swimming,200m individual medley men,Men,GOLD,Athlete,,https://olympics.com/en/athletes/alexander-baumann-1,Alexander BAUMANN,Canada,CA,CAN
Swimming,200m individual medley men,Men,SILVER,Athlete,,https://olympics.com/en/athletes/pablo-morales,Pablo MORALES,United States of America,US,USA
Swimming,200m individual medley men,Men,BRONZE,Athlete,,https://olympics.com/en/athletes/neil-cochran,Neil COCHRAN,Great Britain,GB,GBR
Swimming,400m freestyle women,Women,GOLD,Athlete,,https://olympics.com/en/athletes/tiffany-lisa-cohen,Tiffany Lisa COHEN,United States of America,US,USA
Swimming,400m freestyle women,Women,SILVER,Athlete,,https://olympics.com/en/athletes/sarah-hardcastle,Sarah HARDCASTLE,Great Britain,GB,GBR
Swimming,400m freestyle women,Women,BRONZE,Athlete,,https://olympics.com/en/athletes/june-croft,June CROFT,Great Britain,GB,GBR
Swimming,4x100m medley relay women,Women,GOLD,GameTeam,United States team,,,United States of America,US,USA
Swimming,4x100m medley relay women,Women,SILVER,GameTeam,West Germany team,,,Federal Republic of Germany,DE,FRG
Swimming,4x100m medley relay women,Women,BRONZE,GameTeam,Canada team,,,Canada,CA,CAN
Swimming,100m butterfly women,Women,GOLD,Athlete,,https://olympics.com/en/athletes/mary-t-meagher,Mary T. MEAGHER,United States of America,US,USA
Swimming,100m butterfly women,Women,SILVER,Athlete,,https://olympics.com/en/athletes/jenna-leigh-johnson,Jenna Leigh JOHNSON,United States of America,US,USA
Swimming,100m butterfly women,Women,BRONZE,Athlete,,https://olympics.com/en/athletes/karin-seick,Karin SEICK,Federal Republic of Germany,DE,FRG
Swimming,200m breaststroke men,Men,GOLD,Athlete,,https://olympics.com/en/athletes/victor-davis,Victor DAVIS,Canada,CA,CAN
Swimming,200m breaststroke men,Men,SILVER,Athlete,,https://olympics.com/en/athletes/glenn-beringen,Glenn BERINGEN,Australia,AU,AUS
Swimming,200m breaststroke men,Men,BRONZE,Athlete,,https://olympics.com/en/athletes/etienne-dagon,Etienne DAGON,Switzerland,CH,SUI
Swimming,100m freestyle men,Men,GOLD,Athlete,,https://olympics.com/en/athletes/ambrose-iv-gaines,Ambrose Iv GAINES,United States of America,US,USA
Swimming,100m freestyle men,Men,SILVER,Athlete,,https://olympics.com/en/athletes/marcus-stockwell,Marcus STOCKWELL,Australia,AU,AUS
Swimming,100m freestyle men,Men,BRONZE,Athlete,,https://olympics.com/en/athletes/per-johansson,Per JOHANSSON,Sweden,SE,SWE
Swimming,200m freestyle men,Men,GOLD,Athlete,,https://olympics.com/en/athletes/michael-gross,Michael GROSS,Federal Republic of Germany,DE,FRG
Swimming,200m freestyle men,Men,SILVER,Athlete,,https://olympics.com/en/athletes/michael-steward-heath,Michael Steward HEATH,United States of America,US,USA
Swimming,200m freestyle men,Men,BRONZE,Athlete,,https://olympics.com/en/athletes/thomas-fahrner,Thomas FAHRNER,Federal Republic of Germany,DE,FRG
Swimming,100m breaststroke men,Men,GOLD,Athlete,,https://olympics.com/en/athletes/steven-k-lundquist,Steven K. LUNDQUIST,United States of America,US,USA
Swimming,100m breaststroke men,Men,SILVER,Athlete,,https://olympics.com/en/athletes/victor-davis,Victor DAVIS,Canada,CA,CAN
Swimming,100m breaststroke men,Men,BRONZE,Athlete,,https://olympics.com/en/athletes/peter-evans,Peter EVANS,Australia,AU,AUS
Swimming,200m freestyle women,Women,GOLD,Athlete,,https://olympics.com/en/athletes/mary-alice-wayte,Mary Alice WAYTE,United States of America,US,USA
Swimming,200m freestyle women,Women,SILVER,Athlete,,https://olympics.com/en/athletes/cynthia-lee-woodhead,Cynthia Lee WOODHEAD,United States of America,US,USA
Swimming,200m freestyle women,Women,BRONZE,Athlete,,https://olympics.com/en/athletes/annemarie-verstappen,Annemarie VERSTAPPEN,Netherlands,NL,NED
Swimming,200m butterfly men,Men,GOLD,Athlete,,https://olympics.com/en/athletes/jonathan-sieben,Jonathan SIEBEN,Australia,AU,AUS
Swimming,200m butterfly men,Men,SILVER,Athlete,,https://olympics.com/en/athletes/michael-gross,Michael GROSS,Federal Republic of Germany,DE,FRG
Swimming,200m butterfly men,Men,BRONZE,Athlete,,https://olympics.com/en/athletes/rafael-antonio-vidal-castro,Rafael Antonio VIDAL CASTRO,Venezuela,VE,VEN
Swimming,100m backstroke women,Women,GOLD,Athlete,,https://olympics.com/en/athletes/theresa-andrews,Theresa ANDREWS,United States of America,US,USA
Swimming,100m backstroke women,Women,SILVER,Athlete,,https://olympics.com/en/athletes/elizabeth-mitchell,Elizabeth MITCHELL,United States of America,US,USA
Swimming,100m backstroke women,Women,BRONZE,Athlete,,https://olympics.com/en/athletes/jolanda-de-rover,Jolanda DE ROVER,Netherlands,NL,NED
Swimming,4x100m freestyle relay women,Women,GOLD,GameTeam,United States team,,,United States of America,US,USA
Swimming,4x100m freestyle relay women,Women,SILVER,GameTeam,Netherlands team,,,Netherlands,NL,NED
Swimming,4x100m freestyle relay women,Women,BRONZE,GameTeam,West Germany team,,,Federal Republic of Germany,DE,FRG
Swimming,4x200m freestyle relay men,Men,GOLD,GameTeam,United States team,,,United States of America,US,USA
Swimming,4x200m freestyle relay men,Men,SILVER,GameTeam,West Germany team,,,Federal Republic of Germany,DE,FRG
Swimming,4x200m freestyle relay men,Men,BRONZE,GameTeam,Great Britain team,,,Great Britain,GB,GBR
Swimming,200m breaststroke women,Women,GOLD,Athlete,,https://olympics.com/en/athletes/anne-ottenbrite,Anne OTTENBRITE,Canada,CA,CAN
Swimming,200m breaststroke women,Women,SILVER,Athlete,,https://olympics.com/en/athletes/susan-gerard-rapp,Susan Gerard RAPP,United States of America,US,USA
Swimming,200m breaststroke women,Women,BRONZE,Athlete,,https://olympics.com/en/athletes/ingrid-lempereur,Ingrid LEMPEREUR,Belgium,BE,BEL
Swimming,400m individual medley men,Men,GOLD,Athlete,,https://olympics.com/en/athletes/alexander-baumann-1,Alexander BAUMANN,Canada,CA,CAN
Swimming,400m individual medley men,Men,SILVER,Athlete,,https://olympics.com/en/athletes/ricardo-prado,Ricardo PRADO,Brazil,BR,BRA
Swimming,400m individual medley men,Men,BRONZE,Athlete,,https://olympics.com/en/athletes/robert-woodhouse,Robert WOODHOUSE,Australia,AU,AUS
Swimming,100m freestyle women,Women,GOLD,Athlete,,https://olympics.com/en/athletes/nancy-lynn-hogshead,Nancy Lynn HOGSHEAD,United States of America,US,USA
Swimming,100m freestyle women,Women,GOLD,Athlete,,https://olympics.com/en/athletes/carolyn-steinseifer,Carolyn STEINSEIFER,United States of America,US,USA
Swimming,100m freestyle women,Women,BRONZE,Athlete,,https://olympics.com/en/athletes/annemarie-verstappen,Annemarie VERSTAPPEN,Netherlands,NL,NED
Swimming,200m individual medley women,Women,GOLD,Athlete,,https://olympics.com/en/athletes/tracy-anne-caulkins,Tracy Anne CAULKINS,United States of America,US,USA
Swimming,200m individual medley women,Women,SILVER,Athlete,,https://olympics.com/en/athletes/nancy-lynn-hogshead,Nancy Lynn HOGSHEAD,United States of America,US,USA
Swimming,200m individual medley women,Women,BRONZE,Athlete,,https://olympics.com/en/athletes/michelle-pearson-1,Michelle PEARSON,Australia,AU,AUS
Swimming,800m freestyle women,Women,GOLD,Athlete,,https://olympics.com/en/athletes/tiffany-lisa-cohen,Tiffany Lisa COHEN,United States of America,US,USA
Swimming,800m freestyle women,Women,SILVER,Athlete,,https://olympics.com/en/athletes/michele-richardson,Michele RICHARDSON,United States of America,US,USA
Swimming,800m freestyle women,Women,BRONZE,Athlete,,https://olympics.com/en/athletes/sarah-hardcastle,Sarah HARDCASTLE,Great Britain,GB,GBR
Swimming,200m backstroke women,Women,GOLD,Athlete,,https://olympics.com/en/athletes/jolanda-de-rover,Jolanda DE ROVER,Netherlands,NL,NED
Swimming,200m backstroke women,Women,SILVER,Athlete,,https://olympics.com/en/athletes/amy-lee-white,Amy Lee WHITE,United States of America,US,USA
Swimming,200m backstroke women,Women,BRONZE,Athlete,,https://olympics.com/en/athletes/aneta-patrascoiu,Aneta PATRASCOIU,Romania,RO,ROU
Swimming,100m butterfly men,Men,GOLD,Athlete,,https://olympics.com/en/athletes/michael-gross,Michael GROSS,Federal Republic of Germany,DE,FRG
Swimming,100m butterfly men,Men,SILVER,Athlete,,https://olympics.com/en/athletes/pablo-morales,Pablo MORALES,United States of America,US,USA
Swimming,100m butterfly men,Men,BRONZE,Athlete,,https://olympics.com/en/athletes/glenn-buchanan,Glenn BUCHANAN,Australia,AU,AUS
Swimming,400m freestyle men,Men,GOLD,Athlete,,https://olympics.com/en/athletes/george-thomas-dicarlo,George Thomas DICARLO,United States of America,US,USA
Swimming,400m freestyle men,Men,SILVER,Athlete,,https://olympics.com/en/athletes/john-cary-mykkanen,John Cary MYKKANEN,United States of America,US,USA
Swimming,400m freestyle men,Men,BRONZE,Athlete,,https://olympics.com/en/athletes/justin-lemberg,Justin LEMBERG,Australia,AU,AUS
Swimming,4x100m medley relay men,Men,GOLD,GameTeam,United States team,,,United States of America,US,USA
Swimming,4x100m medley relay men,Men,SILVER,GameTeam,Canada team,,,Canada,CA,CAN
Swimming,4x100m medley relay men,Men,BRONZE,GameTeam,Australia team,,,Australia,AU,AUS
Swimming,1500m freestyle men,Men,GOLD,Athlete,,https://olympics.com/en/athletes/michael-jon-o-brien,Michael Jon O'BRIEN,United States of America,US,USA
Swimming,1500m freestyle men,Men,SILVER,Athlete,,https://olympics.com/en/athletes/george-thomas-dicarlo,George Thomas DICARLO,United States of America,US,USA
Swimming,1500m freestyle men,Men,BRONZE,Athlete,,https://olympics.com/en/athletes/stefan-pfeiffer,Stefan PFEIFFER,Federal Republic of Germany,DE,FRG
Swimming,100m backstroke men,Men,GOLD,Athlete,,https://olympics.com/en/athletes/richard-john-carey,Richard John CAREY,United States of America,US,USA
Swimming,100m backstroke men,Men,SILVER,Athlete,,https://olympics.com/en/athletes/david-dennis-wilson,David Dennis WILSON,United States of America,US,USA
Swimming,100m backstroke men,Men,BRONZE,Athlete,,https://olympics.com/en/athletes/michael-west,Michael WEST,Canada,CA,CAN
Swimming,100m breaststroke women,Women,GOLD,Athlete,,https://olympics.com/en/athletes/petra-van-staveren,Petra VAN STAVEREN,Netherlands,NL,NED
Swimming,100m breaststroke women,Women,SILVER,Athlete,,https://olympics.com/en/athletes/anne-ottenbrite,Anne OTTENBRITE,Canada,CA,CAN
Swimming,100m breaststroke women,Women,BRONZE,Athlete,,https://olympics.com/en/athletes/catherine-poirot,Catherine POIROT,France,FR,FRA
Swimming,200m butterfly women,Women,GOLD,Athlete,,https://olympics.com/en/athletes/mary-t-meagher,Mary T. MEAGHER,United States of America,US,USA
Swimming,200m butterfly women,Women,SILVER,Athlete,,https://olympics.com/en/athletes/karen-phillips,Karen PHILLIPS,Australia,AU,AUS
Swimming,200m butterfly women,Women,BRONZE,Athlete,,https://olympics.com/en/athletes/ina-beyermann,Ina BEYERMANN,Federal Republic of Germany,DE,FRG
Swimming,200m backstroke men,Men,GOLD,Athlete,,https://olympics.com/en/athletes/richard-john-carey,Richard John CAREY,United States of America,US,USA
Swimming,200m backstroke men,Men,SILVER,Athlete,,https://olympics.com/en/athletes/frederic-delcourt,Frederic DELCOURT,France,FR,FRA
Swimming,200m backstroke men,Men,BRONZE,Athlete,,https://olympics.com/en/athletes/cameron-henning,Cameron HENNING,Canada,CA,CAN
Swimming,400m individual medley women,Women,GOLD,Athlete,,https://olympics.com/en/athletes/tracy-anne-caulkins,Tracy Anne CAULKINS,United States of America,US,USA
Swimming,400m individual medley women,Women,SILVER,Athlete,,https://olympics.com/en/athletes/suzanne-landells,Suzanne LANDELLS,Australia,AU,AUS
Swimming,400m individual medley women,Women,BRONZE,Athlete,,https://olympics.com/en/athletes/petra-zindler,Petra ZINDLER,Federal Republic of Germany,DE,FRG
Swimming,4x100m freestyle relay men,Men,GOLD,GameTeam,United States team,,,United States of America,US,USA
Swimming,4x100m freestyle relay men,Men,SILVER,GameTeam,Australia team,,,Australia,AU,AUS
Swimming,4x100m freestyle relay men,Men,BRONZE,GameTeam,Sweden team,,,Sweden,SE,SWE
Sailing,Tornado - Multihull mixed,Open,GOLD,GameTeam,New Zealand team,https://olympics.com/en/athletes/christopher-timms,Christopher TIMMS,New Zealand,NZ,NZL
Sailing,Tornado - Multihull mixed,Open,GOLD,GameTeam,New Zealand team,https://olympics.com/en/athletes/rex-samuel-sellers,Rex Samuel SELLERS,New Zealand,NZ,NZL
Sailing,Tornado - Multihull mixed,Open,SILVER,GameTeam,United States team,https://olympics.com/en/athletes/jay-glaser,Jay GLASER,United States of America,US,USA
Sailing,Tornado - Multihull mixed,Open,SILVER,GameTeam,United States team,https://olympics.com/en/athletes/randy-smyth,Randy SMYTH,United States of America,US,USA
Sailing,Tornado - Multihull mixed,Open,BRONZE,GameTeam,Australia team,https://olympics.com/en/athletes/christopher-cairns,Christopher CAIRNS,Australia,AU,AUS
Sailing,Tornado - Multihull mixed,Open,BRONZE,GameTeam,Australia team,https://olympics.com/en/athletes/john-scott-anderson,John Scott ANDERSON,Australia,AU,AUS
Sailing,Windglider - Windsurfer men,Men,GOLD,Athlete,,https://olympics.com/en/athletes/stephan-van-den-berg,Stephan VAN DEN BERG,Netherlands,NL,NED
Sailing,Windglider - Windsurfer men,Men,SILVER,Athlete,,https://olympics.com/en/athletes/randal-scott-steele,Randal Scott STEELE,United States of America,US,USA
Sailing,Windglider - Windsurfer men,Men,BRONZE,Athlete,,https://olympics.com/en/athletes/anthony-bruce-kendall,Anthony Bruce KENDALL,New Zealand,NZ,NZL
Sailing,flying dutchman mixed,Open,GOLD,GameTeam,United States team,https://olympics.com/en/athletes/jonathan-dunn-mckee,Jonathan Dunn MCKEE,United States of America,US,USA
Sailing,flying dutchman mixed,Open,GOLD,GameTeam,United States team,https://olympics.com/en/athletes/william-carl-jr-buchan,William Carl Jr. BUCHAN,United States of America,US,USA
Sailing,flying dutchman mixed,Open,SILVER,GameTeam,Canada team,https://olympics.com/en/athletes/evert-bastet,Evert BASTET,Canada,CA,CAN
Sailing,flying dutchman mixed,Open,SILVER,GameTeam,Canada team,https://olympics.com/en/athletes/terence-mclaughlin,Terence MCLAUGHLIN,Canada,CA,CAN
Sailing,flying dutchman mixed,Open,BRONZE,GameTeam,Great Britain team,https://olympics.com/en/athletes/jonathan-richards,Jonathan RICHARDS,Great Britain,GB,GBR
Sailing,flying dutchman mixed,Open,BRONZE,GameTeam,Great Britain team,https://olympics.com/en/athletes/peter-frank-allam,Peter Frank ALLAM,Great Britain,GB,GBR
Sailing,fleetmatch race keelboat open Soling mixed,Open,GOLD,GameTeam,United States team,,,United States of America,US,USA
Sailing,fleetmatch race keelboat open Soling mixed,Open,SILVER,GameTeam,Brazil team,,,Brazil,BR,BRA
Sailing,fleetmatch race keelboat open Soling mixed,Open,BRONZE,GameTeam,Canada team,,,Canada,CA,CAN
Sailing,Finn - One Person Dinghy (Heavyweight) men,Open,GOLD,Athlete,,https://olympics.com/en/athletes/russell-coutts,Russell COUTTS,New Zealand,NZ,NZL
Sailing,Finn - One Person Dinghy (Heavyweight) men,Open,SILVER,Athlete,,https://olympics.com/en/athletes/john-joseph-bertrand,John Joseph BERTRAND,United States of America,US,USA
Sailing,Finn - One Person Dinghy (Heavyweight) men,Open,BRONZE,Athlete,,https://olympics.com/en/athletes/terence-neilson,Terence NEILSON,Canada,CA,CAN
Sailing,twoperson keelboat open Star mixed,Open,GOLD,GameTeam,United States team,https://olympics.com/en/athletes/steven-richard-erickson,Steven Richard ERICKSON,United States of America,US,USA
Sailing,twoperson keelboat open Star mixed,Open,GOLD,GameTeam,United States team,https://olympics.com/en/athletes/william-e-sr-buchan,William E. Sr. BUCHAN,United States of America,US,USA
Sailing,twoperson keelboat open Star mixed,Open,SILVER,GameTeam,West Germany team,https://olympics.com/en/athletes/joachim-griese,Joachim GRIESE,Federal Republic of Germany,DE,FRG
Sailing,twoperson keelboat open Star mixed,Open,SILVER,GameTeam,West Germany team,https://olympics.com/en/athletes/michael-marcour,Michael MARCOUR,Federal Republic of Germany,DE,FRG
Sailing,twoperson keelboat open Star mixed,Open,BRONZE,GameTeam,Italy team,https://olympics.com/en/athletes/alfio-peraboni,Alfio PERABONI,Italy,IT,ITA
Sailing,twoperson keelboat open Star mixed,Open,BRONZE,GameTeam,Italy team,https://olympics.com/en/athletes/giorgio-gorla,Giorgio GORLA,Italy,IT,ITA
Sailing,470 - Two Person Dinghy men,Open,GOLD,GameTeam,Spain team,https://olympics.com/en/athletes/luis-doreste,Luis DORESTE,Spain,ES,ESP
Sailing,470 - Two Person Dinghy men,Open,GOLD,GameTeam,Spain team,https://olympics.com/en/athletes/roberto-molina-carrasco,Roberto MOLINA CARRASCO,Spain,ES,ESP
Sailing,470 - Two Person Dinghy men,Open,SILVER,GameTeam,United States team,https://olympics.com/en/athletes/hans-christopher-steinfeld,Hans Christopher STEINFELD,United States of America,US,USA
Sailing,470 - Two Person Dinghy men,Open,SILVER,GameTeam,United States team,https://olympics.com/en/athletes/stephen-delancey-benjamin,Stephen Delancey BENJAMIN,United States of America,US,USA
Sailing,470 - Two Person Dinghy men,Open,BRONZE,GameTeam,France team,https://olympics.com/en/athletes/luc-pillot,Luc PILLOT,France,FR,FRA
Sailing,470 - Two Person Dinghy men,Open,BRONZE,GameTeam,France team,https://olympics.com/en/athletes/thierry-peponnet,Thierry PEPONNET,France,FR,FRA
Basketball,basketball women,Women,GOLD,GameTeam,United States team,,,United States of America,US,USA
Basketball,basketball women,Women,SILVER,GameTeam,Republic of Korea team,,,Republic of Korea,KR,KOR
Basketball,basketball women,Women,BRONZE,GameTeam,People's Republic of China team,,,People's Republic of China,CN,CHN
Basketball,basketball men,Men,GOLD,GameTeam,United States team,,,United States of America,US,USA
Basketball,basketball men,Men,SILVER,GameTeam,Spain team,,,Spain,ES,ESP
Basketball,basketball men,Men,BRONZE,GameTeam,Yugoslavia team,,,Yugoslavia,YUCS,YUG
Equestrian Dressage,individual mixed,Open,GOLD,Athlete,,https://olympics.com/en/athletes/reiner-klimke,Reiner KLIMKE,Federal Republic of Germany,DE,FRG
Equestrian Dressage,individual mixed,Open,SILVER,Athlete,,https://olympics.com/en/athletes/anne-grethe-jensen-tornblad,Anne Grethe JENSEN-TORNBLAD,Denmark,DK,DEN
Equestrian Dressage,individual mixed,Open,BRONZE,Athlete,,https://olympics.com/en/athletes/otto-josef-hofer,Otto Josef HOFER,Switzerland,CH,SUI
Equestrian Dressage,team mixed,Open,GOLD,GameTeam,West Germany team,,,Federal Republic of Germany,DE,FRG
Equestrian Dressage,team mixed,Open,SILVER,GameTeam,Switzerland team,,,Switzerland,CH,SUI
Equestrian Dressage,team mixed,Open,BRONZE,GameTeam,Sweden team,,,Sweden,SE,SWE
Modern Pentathlon,Individual competition men,Men,GOLD,Athlete,,https://olympics.com/en/athletes/daniele-masala,Daniele MASALA,Italy,IT,ITA
Modern Pentathlon,Individual competition men,Men,SILVER,Athlete,,https://olympics.com/en/athletes/svante-rasmuson,Svante RASMUSON,Sweden,SE,SWE
Modern Pentathlon,Individual competition men,Men,BRONZE,Athlete,,https://olympics.com/en/athletes/carlo-massullo,Carlo MASSULLO,Italy,IT,ITA
Modern Pentathlon,team competition men,Men,GOLD,GameTeam,Italy team,,,Italy,IT,ITA
Modern Pentathlon,team competition men,Men,SILVER,GameTeam,United States team,,,United States of America,US,USA
Modern Pentathlon,team competition men,Men,BRONZE,GameTeam,France team,,,France,FR,FRA
Judo,- 60 kg men,Men,GOLD,Athlete,,https://olympics.com/en/athletes/shinji-hosokawa,Shinji HOSOKAWA,Japan,JP,JPN
Judo,- 60 kg men,Men,SILVER,Athlete,,https://olympics.com/en/athletes/jae-yup-kim,Jae-Yup KIM,Republic of Korea,KR,KOR
Judo,- 60 kg men,Men,BRONZE,Athlete,,https://olympics.com/en/athletes/neil-eckersley,Neil ECKERSLEY,Great Britain,GB,GBR
Judo,- 60 kg men,Men,BRONZE,Athlete,,https://olympics.com/en/athletes/edward-j-liddie,Edward J. LIDDIE,United States of America,US,USA
Judo,71  78kg halfmiddleweight men,Men,GOLD,Athlete,,https://olympics.com/en/athletes/frank-wieneke,Frank WIENEKE,Federal Republic of Germany,DE,FRG
Judo,71  78kg halfmiddleweight men,Men,SILVER,Athlete,,https://olympics.com/en/athletes/neil-adams,Neil ADAMS,Great Britain,GB,GBR
Judo,71  78kg halfmiddleweight men,Men,BRONZE,Athlete,,https://olympics.com/en/athletes/michel-nowak,Michel NOWAK,France,FR,FRA
Judo,71  78kg halfmiddleweight men,Men,BRONZE,Athlete,,https://olympics.com/en/athletes/mircea-fratica,Mircea FRATICA,Romania,RO,ROU
Judo,60 - 65kg (half-lightweight) men,Men,GOLD,Athlete,,https://olympics.com/en/athletes/yoshiyuki-matsuoka,Yoshiyuki MATSUOKA,Japan,JP,JPN
Judo,60 - 65kg (half-lightweight) men,Men,SILVER,Athlete,,https://olympics.com/en/athletes/jun-oh-hwang,Jun-Oh HWANG,Republic of Korea,KR,KOR
Judo,60 - 65kg (half-lightweight) men,Men,BRONZE,Athlete,,https://olympics.com/en/athletes/marc-alexandre,Marc ALEXANDRE,France,FR,FRA
Judo,60 - 65kg (half-lightweight) men,Men,BRONZE,Athlete,,https://olympics.com/en/athletes/josef-reiter,Josef REITER,Austria,AT,AUT
Judo,65 - 71kg (lightweight) men,Men,GOLD,Athlete,,,Byeong-Geun An,Republic of Korea,KR,KOR
Judo,65 - 71kg (lightweight) men,Men,SILVER,Athlete,,https://olympics.com/en/athletes/ezio-gamba,Ezio GAMBA,Italy,IT,ITA
Judo,65 - 71kg (lightweight) men,Men,BRONZE,Athlete,,https://olympics.com/en/athletes/luiz-yoshio-yoshio-onmura,Luiz Yoshio YOSHIO ONMURA,Brazil,BR,BRA
Judo,65 - 71kg (lightweight) men,Men,BRONZE,Athlete,,https://olympics.com/en/athletes/kerrith-brown,Kerrith BROWN,Great Britain,GB,GBR
Judo,95kg heavyweight men,Men,GOLD,Athlete,,https://olympics.com/en/athletes/hitoshi-saito,Hitoshi SAITO,Japan,JP,JPN
Judo,95kg heavyweight men,Men,SILVER,Athlete,,https://olympics.com/en/athletes/angelo-parisi,Angelo PARISI,France,FR,FRA
Judo,95kg heavyweight men,Men,BRONZE,Athlete,,,Yong-Cheol Jo,Republic of Korea,KR,KOR
Judo,95kg heavyweight men,Men,BRONZE,Athlete,,https://olympics.com/en/athletes/marc-berger,Marc BERGER,Canada,CA,CAN
Judo,78  86kg middleweight men,Men,GOLD,Athlete,,https://olympics.com/en/athletes/peter-seisenbacher,Peter SEISENBACHER,Austria,AT,AUT
Judo,78  86kg middleweight men,Men,SILVER,Athlete,,https://olympics.com/en/athletes/robert-lee-berland,Robert Lee BERLAND,United States of America,US,USA
Judo,78  86kg middleweight men,Men,BRONZE,Athlete,,https://olympics.com/en/athletes/seiki-nose,Seiki NOSE,Japan,JP,JPN
Judo,78  86kg middleweight men,Men,BRONZE,Athlete,,https://olympics.com/en/athletes/walter-carmona,Walter CARMONA,Brazil,BR,BRA
Judo,open category men,Men,GOLD,Athlete,,https://olympics.com/en/athletes/yasuhiro-yamashita,Yasuhiro YAMASHITA,Japan,JP,JPN
Judo,open category men,Men,SILVER,Athlete,,https://olympics.com/en/athletes/mohamed-rashwan,Mohamed RASHWAN,Egypt,EG,EGY
Judo,open category men,Men,BRONZE,Athlete,,https://olympics.com/en/athletes/mihai-cioc,Mihai CIOC,Romania,RO,ROU
Judo,open category men,Men,BRONZE,Athlete,,https://olympics.com/en/athletes/arthur-schnabel,Arthur SCHNABEL,Federal Republic of Germany,DE,FRG
Judo,86  95kg halfheavyweight men,Men,GOLD,Athlete,,https://olympics.com/en/athletes/hyung-zoo-ha,Hyung-Zoo HA,Republic of Korea,KR,KOR
Judo,86  95kg halfheavyweight men,Men,SILVER,Athlete,,https://olympics.com/en/athletes/douglas-vieira,Douglas VIEIRA,Brazil,BR,BRA
Judo,86  95kg halfheavyweight men,Men,BRONZE,Athlete,,https://olympics.com/en/athletes/bjarni-fridriksson,Bjarni FRIDRIKSSON,Iceland,IS,ISL
Judo,86  95kg halfheavyweight men,Men,BRONZE,Athlete,,https://olympics.com/en/athletes/gunther-neureuther,Günther NEUREUTHER,Federal Republic of Germany,DE,FRG
Cycling Road,individual road race women,Women,GOLD,Athlete,,https://olympics.com/en/athletes/connie-carpenter,Connie CARPENTER,United States of America,US,USA
Cycling Road,individual road race women,Women,SILVER,Athlete,,https://olympics.com/en/athletes/rebecca-lynne-twigg,Rebecca Lynne TWIGG,United States of America,US,USA
Cycling Road,individual road race women,Women,BRONZE,Athlete,,https://olympics.com/en/athletes/sandra-schumacher,Sandra SCHUMACHER,Federal Republic of Germany,DE,FRG
Cycling Road,individual road race men,Men,GOLD,Athlete,,https://olympics.com/en/athletes/alexi-s-grewal,Alexi S. GREWAL,United States of America,US,USA
Cycling Road,individual road race men,Men,SILVER,Athlete,,https://olympics.com/en/athletes/stephen-bauer,Stephen BAUER,Canada,CA,CAN
Cycling Road,individual road race men,Men,BRONZE,Athlete,,https://olympics.com/en/athletes/dag-otto-lauritzen,Dag Otto LAURITZEN,Norway,NO,NOR
Cycling Road,team time trial men,Men,GOLD,GameTeam,Italy team,,,Italy,IT,ITA
Cycling Road,team time trial men,Men,SILVER,GameTeam,Switzerland team,,,Switzerland,CH,SUI
Cycling Road,team time trial men,Men,BRONZE,GameTeam,United States team,,,United States of America,US,USA
Weightlifting,90  100kg firstheavyweight men,Men,GOLD,Athlete,,https://olympics.com/en/athletes/rolf-milser,Rolf MILSER,Federal Republic of Germany,DE,FRG
Weightlifting,90  100kg firstheavyweight men,Men,SILVER,Athlete,,https://olympics.com/en/athletes/vasile-groapa,Vasile GROAPA,Romania,RO,ROU
Weightlifting,90  100kg firstheavyweight men,Men,BRONZE,Athlete,,https://olympics.com/en/athletes/pekka-niemi-1,Pekka NIEMI,Finland,FI,FIN
Weightlifting,75  825kg lightheavyweight men,Men,GOLD,Athlete,,https://olympics.com/en/athletes/petre-becheru,Petre BECHERU,Romania,RO,ROU
Weightlifting,75  825kg lightheavyweight men,Men,SILVER,Athlete,,https://olympics.com/en/athletes/robert-kabbas,Robert KABBAS,Australia,AU,AUS
Weightlifting,75  825kg lightheavyweight men,Men,BRONZE,Athlete,,https://olympics.com/en/athletes/ryoji-isaoka,Ryoji ISAOKA,Japan,JP,JPN
Weightlifting,100  110kg heavyweight men,Men,GOLD,Athlete,,https://olympics.com/en/athletes/norberto-oberburger,Norberto OBERBURGER,Italy,IT,ITA
Weightlifting,100  110kg heavyweight men,Men,SILVER,Athlete,,https://olympics.com/en/athletes/stefan-tasnadi,Stefan TASNADI,Romania,RO,ROU
Weightlifting,100  110kg heavyweight men,Men,BRONZE,Athlete,,https://olympics.com/en/athletes/guy-albert-carlton,Guy Albert CARLTON,United States of America,US,USA
Weightlifting,110kg super heavyweight men,Men,GOLD,Athlete,,https://olympics.com/en/athletes/dinko-lukin,Dinko LUKIN,Australia,AU,AUS
Weightlifting,110kg super heavyweight men,Men,SILVER,Athlete,,https://olympics.com/en/athletes/mario-martinez-2,Mario MARTINEZ,United States of America,US,USA
Weightlifting,110kg super heavyweight men,Men,BRONZE,Athlete,,https://olympics.com/en/athletes/manfred-nerlinger,Manfred NERLINGER,Federal Republic of Germany,DE,FRG
Weightlifting,56kg bantamweight men,Men,GOLD,Athlete,,https://olympics.com/en/athletes/shu-de-wu,Shu-De WU,People's Republic of China,CN,CHN
Weightlifting,56kg bantamweight men,Men,SILVER,Athlete,,https://olympics.com/en/athletes/run-ming-lai,Run-Ming LAI,People's Republic of China,CN,CHN
Weightlifting,56kg bantamweight men,Men,BRONZE,Athlete,,https://olympics.com/en/athletes/masahiro-kotaka,Masahiro KOTAKA,Japan,JP,JPN
Weightlifting,60-67.5kg lightweight men,Men,GOLD,Athlete,,https://olympics.com/en/athletes/jing-yuan-yao,Jing-Yuan YAO,People's Republic of China,CN,CHN
Weightlifting,60-67.5kg lightweight men,Men,SILVER,Athlete,,https://olympics.com/en/athletes/andrei-socaci,Andrei SOCACI,Romania,RO,ROU
Weightlifting,60-67.5kg lightweight men,Men,BRONZE,Athlete,,https://olympics.com/en/athletes/jouni-johannes-gronman,Jouni Johannes GRONMAN,Finland,FI,FIN
Weightlifting,- 52kg (flyweight) men,Men,GOLD,Athlete,,https://olympics.com/en/athletes/guo-qiang-zeng,Guo-Qiang ZENG,People's Republic of China,CN,CHN
Weightlifting,- 52kg (flyweight) men,Men,SILVER,Athlete,,https://olympics.com/en/athletes/pei-shun-zhou,Pei-Shun ZHOU,People's Republic of China,CN,CHN
Weightlifting,- 52kg (flyweight) men,Men,BRONZE,Athlete,,https://olympics.com/en/athletes/kazushito-manabe,Kazushito MANABE,Japan,JP,JPN
Weightlifting,825  90kg middleheavyweight men,Men,GOLD,Athlete,,https://olympics.com/en/athletes/nicu-vlad,Nicu VLAD,Romania,RO,ROU
Weightlifting,825  90kg middleheavyweight men,Men,SILVER,Athlete,,,Petre Dumitru,Romania,RO,ROU
Weightlifting,825  90kg middleheavyweight men,Men,BRONZE,Athlete,,https://olympics.com/en/athletes/david-mercer,David MERCER,Great Britain,GB,GBR
Weightlifting,67.5-75kg middleweight men,Men,GOLD,Athlete,,https://olympics.com/en/athletes/karl-heinz-radschinsky,Karl-Heinz RADSCHINSKY,Federal Republic of Germany,DE,FRG
Weightlifting,67.5-75kg middleweight men,Men,SILVER,Athlete,,https://olympics.com/en/athletes/jacques-demers,Jacques DEMERS,Canada,CA,CAN
Weightlifting,67.5-75kg middleweight men,Men,BRONZE,Athlete,,https://olympics.com/en/athletes/dragomir-cioroslan,Dragomir CIOROSLAN,Romania,RO,ROU
Weightlifting,56 - 60kg (featherweight) men,Men,GOLD,Athlete,,https://olympics.com/en/athletes/wei-qiang-chen,Wei-Qiang CHEN,People's Republic of China,CN,CHN
Weightlifting,56 - 60kg (featherweight) men,Men,SILVER,Athlete,,https://olympics.com/en/athletes/gelu-radu,Gelu RADU,Romania,RO,ROU
Weightlifting,56 - 60kg (featherweight) men,Men,BRONZE,Athlete,,https://olympics.com/en/athletes/wen-yee-tsai,Wen-Yee TSAI,Chinese Taipei,TW,TPE
Cycling Track,1km time trial men,Men,GOLD,Athlete,,https://olympics.com/en/athletes/fredy-schmidtke,Fredy SCHMIDTKE,Federal Republic of Germany,DE,FRG
Cycling Track,1km time trial men,Men,SILVER,Athlete,,https://olympics.com/en/athletes/curtis-harnett,Curtis HARNETT,Canada,CA,CAN
Cycling Track,1km time trial men,Men,BRONZE,Athlete,,https://olympics.com/en/athletes/fabrice-colas,Fabrice COLAS,France,FR,FRA
Cycling Track,Points Race men,Men,GOLD,Athlete,,https://olympics.com/en/athletes/roger-ilegems,Roger ILEGEMS,Belgium,BE,BEL
Cycling Track,Points Race men,Men,SILVER,Athlete,,https://olympics.com/en/athletes/uwe-messerschmidt,Uwe MESSERSCHMIDT,Federal Republic of Germany,DE,FRG
Cycling Track,Points Race men,Men,BRONZE,Athlete,,https://olympics.com/en/athletes/jose-manuel-youshimatz,Jose Manuel YOUSHIMATZ,Mexico,MX,MEX
Cycling Track,Team Pursuit 4000m men,Men,GOLD,GameTeam,Australia team,,,Australia,AU,AUS
Cycling Track,Team Pursuit 4000m men,Men,SILVER,GameTeam,United States team,,,United States of America,US,USA
Cycling Track,Team Pursuit 4000m men,Men,BRONZE,GameTeam,West Germany team,,,Federal Republic of Germany,DE,FRG
Cycling Track,Individual Pursuit men,Men,GOLD,Athlete,,https://olympics.com/en/athletes/stephen-edward-hegg,Stephen Edward HEGG,United States of America,US,USA
Cycling Track,Individual Pursuit men,Men,SILVER,Athlete,,https://olympics.com/en/athletes/rolf-golz,Rolf GOLZ,Federal Republic of Germany,DE,FRG
Cycling Track,Individual Pursuit men,Men,BRONZE,Athlete,,https://olympics.com/en/athletes/leonard-harvey-nitz,Leonard Harvey NITZ,United States of America,US,USA
Cycling Track,Sprint individual men,Men,GOLD,Athlete,,https://olympics.com/en/athletes/mark-brian-gorski,Mark Brian GORSKI,United States of America,US,USA
Cycling Track,Sprint individual men,Men,SILVER,Athlete,,https://olympics.com/en/athletes/nelson-beasley-vails,Nelson Beasley VAILS,United States of America,US,USA
Cycling Track,Sprint individual men,Men,BRONZE,Athlete,,https://olympics.com/en/athletes/tsutomu-sakamoto,Tsutomu SAKAMOTO,Japan,JP,JPN
Synchronized Swimming,solo women,Women,GOLD,Athlete,,https://olympics.com/en/athletes/tracie-lehuanani-ruiz-conforto,Tracie Lehuanani RUIZ-CONFORTO,United States of America,US,USA
Synchronized Swimming,solo women,Women,SILVER,Athlete,,https://olympics.com/en/athletes/carolyn-waldo,Carolyn WALDO,Canada,CA,CAN
Synchronized Swimming,solo women,Women,BRONZE,Athlete,,https://olympics.com/en/athletes/miwako-motoyoshi,Miwako MOTOYOSHI,Japan,JP,JPN
Synchronized Swimming,Duet Women,Women,GOLD,GameTeam,United States team,https://olympics.com/en/athletes/tracie-lehuanani-ruiz-conforto,Tracie Lehuanani RUIZ-CONFORTO,United States of America,US,USA
Synchronized Swimming,Duet Women,Women,GOLD,GameTeam,United States team,https://olympics.com/en/athletes/candace-costie,Candace COSTIE,United States of America,US,USA
Synchronized Swimming,Duet Women,Women,SILVER,GameTeam,Canada team,https://olympics.com/en/athletes/sharon-hambrook,Sharon HAMBROOK,Canada,CA,CAN
Synchronized Swimming,Duet Women,Women,SILVER,GameTeam,Canada team,https://olympics.com/en/athletes/kelly-kryczka,Kelly KRYCZKA,Canada,CA,CAN
Synchronized Swimming,Duet Women,Women,BRONZE,GameTeam,Japan team,https://olympics.com/en/athletes/saeko-kimura,Saeko KIMURA,Japan,JP,JPN
Synchronized Swimming,Duet Women,Women,BRONZE,GameTeam,Japan team,https://olympics.com/en/athletes/miwako-motoyoshi,Miwako MOTOYOSHI,Japan,JP,JPN
Gymnastics Artistic,team competition women,Women,GOLD,GameTeam,Romania team,,,Romania,RO,ROU
Gymnastics Artistic,team competition women,Women,SILVER,GameTeam,United States team,,,United States of America,US,USA
Gymnastics Artistic,team competition women,Women,BRONZE,GameTeam,People's Republic of China team,,,People's Republic of China,CN,CHN
Gymnastics Artistic,parallel bars men,Men,GOLD,Athlete,,https://olympics.com/en/athletes/barthold-wayne-conner,Barthold Wayne CONNER,United States of America,US,USA
Gymnastics Artistic,parallel bars men,Men,SILVER,Athlete,,https://olympics.com/en/athletes/nobuyuki-kajitani,Nobuyuki KAJITANI,Japan,JP,JPN
Gymnastics Artistic,parallel bars men,Men,BRONZE,Athlete,,https://olympics.com/en/athletes/mitchell-jay-gaylord,Mitchell Jay GAYLORD,United States of America,US,USA
Gymnastics Artistic,individual all-round women,Women,GOLD,Athlete,,https://olympics.com/en/athletes/mary-lou-retton,Mary-Lou RETTON,United States of America,US,USA
Gymnastics Artistic,individual all-round women,Women,SILVER,Athlete,,https://olympics.com/en/athletes/ecaterina-szabo,Ecaterina SZABO,Romania,RO,ROU
Gymnastics Artistic,individual all-round women,Women,BRONZE,Athlete,,https://olympics.com/en/athletes/simona-pauca,Simona PAUCA,Romania,RO,ROU
Gymnastics Artistic,individual all-round men,Men,GOLD,Athlete,,https://olympics.com/en/athletes/koji-gushiken,Koji GUSHIKEN,Japan,JP,JPN
Gymnastics Artistic,individual all-round men,Men,SILVER,Athlete,,https://olympics.com/en/athletes/peter-glen-vidmar,Peter Glen VIDMAR,United States of America,US,USA
Gymnastics Artistic,individual all-round men,Men,BRONZE,Athlete,,https://olympics.com/en/athletes/ning-li,Ning LI,People's Republic of China,CN,CHN
Gymnastics Artistic,floor exercises women,Women,GOLD,Athlete,,https://olympics.com/en/athletes/ecaterina-szabo,Ecaterina SZABO,Romania,RO,ROU
Gymnastics Artistic,floor exercises women,Women,SILVER,Athlete,,https://olympics.com/en/athletes/julianne-lyn-mcnamara,Julianne Lyn MCNAMARA,United States of America,US,USA
Gymnastics Artistic,floor exercises women,Women,BRONZE,Athlete,,https://olympics.com/en/athletes/mary-lou-retton,Mary-Lou RETTON,United States of America,US,USA
Gymnastics Artistic,vault women,Women,GOLD,Athlete,,https://olympics.com/en/athletes/ecaterina-szabo,Ecaterina SZABO,Romania,RO,ROU
Gymnastics Artistic,vault women,Women,SILVER,Athlete,,https://olympics.com/en/athletes/mary-lou-retton,Mary-Lou RETTON,United States of America,US,USA
Gymnastics Artistic,vault women,Women,BRONZE,Athlete,,https://olympics.com/en/athletes/lavinia-agache,Lavinia AGACHE,Romania,RO,ROU
Gymnastics Artistic,balance beam women,Women,GOLD,Athlete,,https://olympics.com/en/athletes/simona-pauca,Simona PAUCA,Romania,RO,ROU
Gymnastics Artistic,balance beam women,Women,GOLD,Athlete,,https://olympics.com/en/athletes/ecaterina-szabo,Ecaterina SZABO,Romania,RO,ROU
Gymnastics Artistic,balance beam women,Women,BRONZE,Athlete,,,Kathy Johnson,United States of America,US,USA
Gymnastics Artistic,rings men,Men,GOLD,Athlete,,https://olympics.com/en/athletes/koji-gushiken,Koji GUSHIKEN,Japan,JP,JPN
Gymnastics Artistic,rings men,Men,GOLD,Athlete,,https://olympics.com/en/athletes/ning-li,Ning LI,People's Republic of China,CN,CHN
Gymnastics Artistic,rings men,Men,BRONZE,Athlete,,https://olympics.com/en/athletes/mitchell-jay-gaylord,Mitchell Jay GAYLORD,United States of America,US,USA
Gymnastics Artistic,team competition men,Men,GOLD,GameTeam,United States team,,,United States of America,US,USA
Gymnastics Artistic,team competition men,Men,SILVER,GameTeam,People's Republic of China team,,,People's Republic of China,CN,CHN
Gymnastics Artistic,team competition men,Men,BRONZE,GameTeam,Japan team,,,Japan,JP,JPN
Gymnastics Artistic,horizontal bar men,Men,GOLD,Athlete,,https://olympics.com/en/athletes/shinji-morisue,Shinji MORISUE,Japan,JP,JPN
Gymnastics Artistic,horizontal bar men,Men,SILVER,Athlete,,https://olympics.com/en/athletes/fei-tong,Fei TONG,People's Republic of China,CN,CHN
Gymnastics Artistic,horizontal bar men,Men,BRONZE,Athlete,,https://olympics.com/en/athletes/koji-gushiken,Koji GUSHIKEN,Japan,JP,JPN
Gymnastics Artistic,vault men,Men,GOLD,Athlete,,https://olympics.com/en/athletes/yun-lou,Yun LOU,People's Republic of China,CN,CHN
Gymnastics Artistic,vault men,Men,SILVER,Athlete,,https://olympics.com/en/athletes/ning-li,Ning LI,People's Republic of China,CN,CHN
Gymnastics Artistic,vault men,Men,SILVER,Athlete,,https://olympics.com/en/athletes/koji-gushiken,Koji GUSHIKEN,Japan,JP,JPN
Gymnastics Artistic,vault men,Men,SILVER,Athlete,,https://olympics.com/en/athletes/shinji-morisue,Shinji MORISUE,Japan,JP,JPN
Gymnastics Artistic,vault men,Men,SILVER,Athlete,,https://olympics.com/en/athletes/mitchell-jay-gaylord,Mitchell Jay GAYLORD,United States of America,US,USA
Gymnastics Artistic,floor exercises men,Men,GOLD,Athlete,,https://olympics.com/en/athletes/ning-li,Ning LI,People's Republic of China,CN,CHN
Gymnastics Artistic,floor exercises men,Men,SILVER,Athlete,,https://olympics.com/en/athletes/yun-lou,Yun LOU,People's Republic of China,CN,CHN
Gymnastics Artistic,floor exercises men,Men,BRONZE,Athlete,,https://olympics.com/en/athletes/koji-sotomura,Koji SOTOMURA,Japan,JP,JPN
Gymnastics Artistic,floor exercises men,Men,BRONZE,Athlete,,https://olympics.com/en/athletes/philippe-vatuone,Philippe VATUONE,France,FR,FRA
Gymnastics Artistic,uneven bars women,Women,GOLD,Athlete,,https://olympics.com/en/athletes/yan-hong-ma,Yan-Hong MA,People's Republic of China,CN,CHN
Gymnastics Artistic,uneven bars women,Women,GOLD,Athlete,,https://olympics.com/en/athletes/julianne-lyn-mcnamara,Julianne Lyn MCNAMARA,United States of America,US,USA
Gymnastics Artistic,uneven bars women,Women,BRONZE,Athlete,,https://olympics.com/en/athletes/mary-lou-retton,Mary-Lou RETTON,United States of America,US,USA
Gymnastics Artistic,pommel horse men,Men,GOLD,Athlete,,https://olympics.com/en/athletes/ning-li,Ning LI,People's Republic of China,CN,CHN
Gymnastics Artistic,pommel horse men,Men,GOLD,Athlete,,https://olympics.com/en/athletes/peter-glen-vidmar,Peter Glen VIDMAR,United States of America,US,USA
Gymnastics Artistic,pommel horse men,Men,BRONZE,Athlete,,https://olympics.com/en/athletes/timothy-patrick-daggett,Timothy Patrick DAGGETT,United States of America,US,USA
Football,football men,Men,GOLD,GameTeam,France team,,,France,FR,FRA
Football,football men,Men,SILVER,GameTeam,Brazil team,,,Brazil,BR,BRA
Football,football men,Men,BRONZE,GameTeam,Yugoslavia team,,,Yugoslavia,YUCS,YUG
Water Polo,water polo men,Men,GOLD,GameTeam,Yugoslavia team,,,Yugoslavia,YUCS,YUG
Water Polo,water polo men,Men,SILVER,GameTeam,United States team,,,United States of America,US,USA
Water Polo,water polo men,Men,BRONZE,GameTeam,West Germany team,,,Federal Republic of Germany,DE,FRG
Rowing,double sculls 2x men,Men,GOLD,GameTeam,United States team,https://olympics.com/en/athletes/bradley-alan-lewis,Bradley Alan LEWIS,United States of America,US,USA
Rowing,double sculls 2x men,Men,GOLD,GameTeam,United States team,https://olympics.com/en/athletes/paul-n-enquist,Paul N. ENQUIST,United States of America,US,USA
Rowing,double sculls 2x men,Men,SILVER,GameTeam,Belgium team,https://olympics.com/en/athletes/pierre-marie-deloof,Pierre Marie DELOOF,Belgium,BE,BEL
Rowing,double sculls 2x men,Men,SILVER,GameTeam,Belgium team,https://olympics.com/en/athletes/dirk-crois,Dirk CROIS,Belgium,BE,BEL
Rowing,double sculls 2x men,Men,BRONZE,GameTeam,Yugoslavia team,https://olympics.com/en/athletes/zoran-pancic,Zoran PANCIC,Yugoslavia,YUCS,YUG
Rowing,double sculls 2x men,Men,BRONZE,GameTeam,Yugoslavia team,https://olympics.com/en/athletes/milorad-stanulov,Milorad STANULOV,Yugoslavia,YUCS,YUG
Rowing,eight with coxswain 8 men,Men,GOLD,GameTeam,Canada team,,,Canada,CA,CAN
Rowing,eight with coxswain 8 men,Men,SILVER,GameTeam,United States team,,,United States of America,US,USA
Rowing,eight with coxswain 8 men,Men,BRONZE,GameTeam,Australia team,,,Australia,AU,AUS
Rowing,single sculls 1x men,Men,GOLD,Athlete,,https://olympics.com/en/athletes/pertti-karppinen,Pertti KARPPINEN,Finland,FI,FIN
Rowing,single sculls 1x men,Men,SILVER,Athlete,,https://olympics.com/en/athletes/peter-michael-kolbe,Peter-Michael KOLBE,Federal Republic of Germany,DE,FRG
Rowing,single sculls 1x men,Men,BRONZE,Athlete,,https://olympics.com/en/athletes/arthur-robert-mills,Arthur Robert MILLS,Canada,CA,CAN
Rowing,double sculls 2x women,Women,GOLD,GameTeam,Romania team,https://olympics.com/en/athletes/marioara-popescu,Marioara POPESCU,Romania,RO,ROU
Rowing,double sculls 2x women,Women,GOLD,GameTeam,Romania team,https://olympics.com/en/athletes/elisabeta-lipa,Elisabeta LIPA-OLENIUC,Romania,RO,ROU
Rowing,double sculls 2x women,Women,SILVER,GameTeam,Netherlands team,https://olympics.com/en/athletes/greet-hellemans,Greet HELLEMANS,Netherlands,NL,NED
Rowing,double sculls 2x women,Women,SILVER,GameTeam,Netherlands team,https://olympics.com/en/athletes/nicolette-hellemans,Nicolette HELLEMANS,Netherlands,NL,NED
Rowing,double sculls 2x women,Women,BRONZE,GameTeam,Canada team,https://olympics.com/en/athletes/daniele-laumann,Daniele LAUMANN,Canada,CA,CAN
Rowing,double sculls 2x women,Women,BRONZE,GameTeam,Canada team,https://olympics.com/en/athletes/silken-suzette-laumann,Silken Suzette LAUMANN,Canada,CA,CAN
Rowing,eight with coxswain 8 women,Women,GOLD,GameTeam,United States team,,,United States of America,US,USA
Rowing,eight with coxswain 8 women,Women,SILVER,GameTeam,Romania team,,,Romania,RO,ROU
Rowing,eight with coxswain 8 women,Women,BRONZE,GameTeam,Netherlands team,,,Netherlands,NL,NED
Rowing,quadruple sculls without coxsw men,Men,GOLD,GameTeam,West Germany team,,,Federal Republic of Germany,DE,FRG
Rowing,quadruple sculls without coxsw men,Men,SILVER,GameTeam,Australia team,,,Australia,AU,AUS
Rowing,quadruple sculls without coxsw men,Men,BRONZE,GameTeam,Canada team,,,Canada,CA,CAN
Rowing,single sculls 1x women,Women,GOLD,Athlete,,https://olympics.com/en/athletes/valeria-rosca-rasila,Valeria ROSCA-RASILA,Romania,RO,ROU
Rowing,single sculls 1x women,Women,SILVER,Athlete,,https://olympics.com/en/athletes/charlotte-mosher-geer,Charlotte Mosher GEER,United States of America,US,USA
Rowing,single sculls 1x women,Women,BRONZE,Athlete,,https://olympics.com/en/athletes/ann-haesebrouck,Ann HAESEBROUCK,Belgium,BE,BEL
Rowing,pair without coxswain 2 women,Women,GOLD,GameTeam,Romania team,https://olympics.com/en/athletes/rodica-puscatu-arba,Rodica PUSCATU-ARBA,Romania,RO,ROU
Rowing,pair without coxswain 2 women,Women,GOLD,GameTeam,Romania team,https://olympics.com/en/athletes/elena-oprea-horvat,Elena OPREA-HORVAT,Romania,RO,ROU
Rowing,pair without coxswain 2 women,Women,SILVER,GameTeam,Canada team,https://olympics.com/en/athletes/elizabeth-craig,Elizabeth CRAIG,Canada,CA,CAN
Rowing,pair without coxswain 2 women,Women,SILVER,GameTeam,Canada team,https://olympics.com/en/athletes/patricia-smith,Patricia SMITH,Canada,CA,CAN
Rowing,pair without coxswain 2 women,Women,BRONZE,GameTeam,West Germany team,https://olympics.com/en/athletes/ellen-becker,Ellen BECKER,Federal Republic of Germany,DE,FRG
Rowing,pair without coxswain 2 women,Women,BRONZE,GameTeam,West Germany team,https://olympics.com/en/athletes/iris-volkner,Iris VOLKNER,Federal Republic of Germany,DE,FRG
Rowing,pair-oared shell with coxswain men,Men,GOLD,GameTeam,Italy team,,,Italy,IT,ITA
Rowing,pair-oared shell with coxswain men,Men,SILVER,GameTeam,Romania team,,,Romania,RO,ROU
Rowing,pair-oared shell with coxswain men,Men,BRONZE,GameTeam,United States team,,,United States of America,US,USA
Rowing,quadruple sculls with coxswain women,Women,GOLD,GameTeam,Romania team,,,Romania,RO,ROU
Rowing,quadruple sculls with coxswain women,Women,SILVER,GameTeam,United States team,,,United States of America,US,USA
Rowing,quadruple sculls with coxswain women,Women,BRONZE,GameTeam,Denmark team,,,Denmark,DK,DEN
Rowing,fouroared shell with coxswain 4 women,Women,GOLD,GameTeam,Romania team,,,Romania,RO,ROU
Rowing,fouroared shell with coxswain 4 women,Women,SILVER,GameTeam,Canada team,,,Canada,CA,CAN
Rowing,fouroared shell with coxswain 4 women,Women,BRONZE,GameTeam,Australia team,,,Australia,AU,AUS
Rowing,pair without coxswain 2 men,Men,GOLD,GameTeam,Romania team,https://olympics.com/en/athletes/petru-iosub,Petru IOSUB,Romania,RO,ROU
Rowing,pair without coxswain 2 men,Men,GOLD,GameTeam,Romania team,https://olympics.com/en/athletes/valer-toma,Valer TOMA,Romania,RO,ROU
Rowing,pair without coxswain 2 men,Men,SILVER,GameTeam,Spain team,https://olympics.com/en/athletes/fernando-climent-huerta,Fernando CLIMENT HUERTA,Spain,ES,ESP
Rowing,pair without coxswain 2 men,Men,SILVER,GameTeam,Spain team,https://olympics.com/en/athletes/luis-maria-lasurtegui-berridi,Luis Maria LASURTEGUI BERRIDI,Spain,ES,ESP
Rowing,pair without coxswain 2 men,Men,BRONZE,GameTeam,Norway team,https://olympics.com/en/athletes/hans-magnus-grepperud,Hans Magnus GREPPERUD,Norway,NO,NOR
Rowing,pair without coxswain 2 men,Men,BRONZE,GameTeam,Norway team,https://olympics.com/en/athletes/sverre-bertrand-loken,Sverre Bertrand LOKEN,Norway,NO,NOR
Rowing,four without coxswain 4 men,Men,GOLD,GameTeam,New Zealand team,,,New Zealand,NZ,NZL
Rowing,four without coxswain 4 men,Men,SILVER,GameTeam,United States team,,,United States of America,US,USA
Rowing,four without coxswain 4 men,Men,BRONZE,GameTeam,Denmark team,,,Denmark,DK,DEN
Rowing,four-oared shell with coxswain men,Men,GOLD,GameTeam,Great Britain team,,,Great Britain,GB,GBR
Rowing,four-oared shell with coxswain men,Men,SILVER,GameTeam,United States team,,,United States of America,US,USA
Rowing,four-oared shell with coxswain men,Men,BRONZE,GameTeam,New Zealand team,,,New Zealand,NZ,NZL
Athletics,400m men,Men,GOLD,Athlete,,https://olympics.com/en/athletes/alonzo-c-babers,Alonzo C. BABERS,United States of America,US,USA
Athletics,400m men,Men,SILVER,Athlete,,https://olympics.com/en/athletes/gabriel-tiacoh,Gabriel TIACOH,Côte d'Ivoire,CI,CIV
Athletics,400m men,Men,BRONZE,Athlete,,https://olympics.com/en/athletes/antonio-ricardo-mckay,Antonio Ricardo MCKAY,United States of America,US,USA
Athletics,20km walk men,Men,GOLD,Athlete,,https://olympics.com/en/athletes/ernesto-canto-gudino,Ernesto CANTO GUDINO,Mexico,MX,MEX
Athletics,20km walk men,Men,SILVER,Athlete,,,Raúl González,Mexico,MX,MEX
Athletics,20km walk men,Men,BRONZE,Athlete,,https://olympics.com/en/athletes/maurizio-damilano,Maurizio DAMILANO,Italy,IT,ITA
Athletics,javelin throw men,Men,GOLD,Athlete,,https://olympics.com/en/athletes/arto-harkonen,Arto HARKONEN,Finland,FI,FIN
Athletics,javelin throw men,Men,SILVER,Athlete,,https://olympics.com/en/athletes/david-ottley,David OTTLEY,Great Britain,GB,GBR
Athletics,javelin throw men,Men,BRONZE,Athlete,,https://olympics.com/en/athletes/kenth-eldebrink,Kenth ELDEBRINK,Sweden,SE,SWE
Athletics,5000m men,Men,GOLD,Athlete,,https://olympics.com/en/athletes/said-aouita,Said AOUITA,Morocco,MA,MAR
Athletics,5000m men,Men,SILVER,Athlete,,https://olympics.com/en/athletes/markus-ryffel,Markus RYFFEL,Switzerland,CH,SUI
Athletics,5000m men,Men,BRONZE,Athlete,,https://olympics.com/en/athletes/antonio-leitao,Antonio LEITAO,Portugal,PT,POR
Athletics,discus throw men,Men,GOLD,Athlete,,https://olympics.com/en/athletes/rolf-danneberg,Rolf DANNEBERG,Federal Republic of Germany,DE,FRG
Athletics,discus throw men,Men,SILVER,Athlete,,https://olympics.com/en/athletes/malcolm-maurice-wilkins,Malcolm Maurice WILKINS,United States of America,US,USA
Athletics,discus throw men,Men,BRONZE,Athlete,,https://olympics.com/en/athletes/john-gates-powell,John Gates POWELL,United States of America,US,USA
Athletics,100m women,Women,GOLD,Athlete,,https://olympics.com/en/athletes/evelyn-ashford,Evelyn ASHFORD,United States of America,US,USA
Athletics,100m women,Women,SILVER,Athlete,,https://olympics.com/en/athletes/alice-regina-brown,Alice Regina BROWN,United States of America,US,USA
Athletics,100m women,Women,BRONZE,Athlete,,https://olympics.com/en/athletes/merlene-ottey-page,Merlene OTTEY-PAGE,Jamaica,JM,JAM
Athletics,shot put men,Men,GOLD,Athlete,,https://olympics.com/en/athletes/alessandro-andrei,Alessandro ANDREI,Italy,IT,ITA
Athletics,shot put men,Men,SILVER,Athlete,,https://olympics.com/en/athletes/michael-d-andrea-carter,Michael D'Andrea CARTER,United States of America,US,USA
Athletics,shot put men,Men,BRONZE,Athlete,,https://olympics.com/en/athletes/david-lester-laut,David Lester LAUT,United States of America,US,USA
Athletics,3000m steeplechase men,Men,GOLD,Athlete,,https://olympics.com/en/athletes/julius-korir,Julius KORIR,Kenya,KE,KEN
Athletics,3000m steeplechase men,Men,SILVER,Athlete,,https://olympics.com/en/athletes/joseph-mahmoud,Joseph MAHMOUD,France,FR,FRA
Athletics,3000m steeplechase men,Men,BRONZE,Athlete,,https://olympics.com/en/athletes/brian-lee-diemer,Brian Lee DIEMER,United States of America,US,USA
Athletics,110m hurdles men,Men,GOLD,Athlete,,https://olympics.com/en/athletes/roger-kingdom,Roger KINGDOM,United States of America,US,USA
Athletics,110m hurdles men,Men,SILVER,Athlete,,https://olympics.com/en/athletes/gregory-foster,Gregory FOSTER,United States of America,US,USA
Athletics,110m hurdles men,Men,BRONZE,Athlete,,https://olympics.com/en/athletes/arto-bryggare,Arto BRYGGARE,Finland,FI,FIN
Athletics,4x400m relay women,Women,GOLD,GameTeam,United States team,,,United States of America,US,USA
Athletics,4x400m relay women,Women,SILVER,GameTeam,Canada team,,,Canada,CA,CAN
Athletics,4x400m relay women,Women,BRONZE,GameTeam,West Germany team,,,Federal Republic of Germany,DE,FRG
Athletics,pole vault men,Men,GOLD,Athlete,,https://olympics.com/en/athletes/pierre-quinon,Pierre QUINON,France,FR,FRA
Athletics,pole vault men,Men,SILVER,Athlete,,https://olympics.com/en/athletes/michael-scott-tully,Michael Scott TULLY,United States of America,US,USA
Athletics,pole vault men,Men,BRONZE,Athlete,,https://olympics.com/en/athletes/thierry-vigneron,Thierry VIGNERON,France,FR,FRA
Athletics,pole vault men,Men,BRONZE,Athlete,,https://olympics.com/en/athletes/earl-holmes-bell,Earl Holmes BELL,United States of America,US,USA
Athletics,400m women,Women,GOLD,Athlete,,https://olympics.com/en/athletes/valerie-ann-brisco-hooks,Valerie Ann BRISCO-HOOKS,United States of America,US,USA
Athletics,400m women,Women,SILVER,Athlete,,https://olympics.com/en/athletes/chandra-danette-cheeseborough,Chandra Danette CHEESEBOROUGH,United States of America,US,USA
Athletics,400m women,Women,BRONZE,Athlete,,https://olympics.com/en/athletes/kathryn-smallwood-cook,Kathryn SMALLWOOD-COOK,Great Britain,GB,GBR
Athletics,long jump men,Men,GOLD,Athlete,,https://olympics.com/en/athletes/carl-lewis,Carl LEWIS,United States of America,US,USA
Athletics,long jump men,Men,SILVER,Athlete,,https://olympics.com/en/athletes/gary-honey,Gary HONEY,Australia,AU,AUS
Athletics,long jump men,Men,BRONZE,Athlete,,https://olympics.com/en/athletes/giovanni-evangelisti,Giovanni EVANGELISTI,Italy,IT,ITA
Athletics,marathon women,Women,GOLD,Athlete,,https://olympics.com/en/athletes/joan-benoit,Joan BENOIT,United States of America,US,USA
Athletics,marathon women,Women,SILVER,Athlete,,https://olympics.com/en/athletes/grete-waitz-andersen,Grete WAITZ-ANDERSEN,Norway,NO,NOR
Athletics,marathon women,Women,BRONZE,Athlete,,https://olympics.com/en/athletes/rosa-mota,Rosa MOTA,Portugal,PT,POR
Athletics,800m men,Men,GOLD,Athlete,,https://olympics.com/en/athletes/joaquim-cruz-1,Joaquim CRUZ,Brazil,BR,BRA
Athletics,800m men,Men,SILVER,Athlete,,https://olympics.com/en/athletes/sebastian-coe,Sebastian COE,Great Britain,GB,GBR
Athletics,800m men,Men,BRONZE,Athlete,,https://olympics.com/en/athletes/earl-jones,Earl JONES,United States of America,US,USA
Athletics,hammer throw men,Men,GOLD,Athlete,,https://olympics.com/en/athletes/juha-tiainen,Juha TIAINEN,Finland,FI,FIN
Athletics,hammer throw men,Men,SILVER,Athlete,,https://olympics.com/en/athletes/karl-hans-riehm,Karl-Hans RIEHM,Federal Republic of Germany,DE,FRG
Athletics,hammer throw men,Men,BRONZE,Athlete,,https://olympics.com/en/athletes/klaus-ploghaus,Klaus PLOGHAUS,Federal Republic of Germany,DE,FRG
Athletics,shot put women,Women,GOLD,Athlete,,https://olympics.com/en/athletes/claudia-losch,Claudia LOSCH,Federal Republic of Germany,DE,FRG
Athletics,shot put women,Women,SILVER,Athlete,,https://olympics.com/en/athletes/mihaela-loghin,Mihaela LOGHIN,Romania,RO,ROU
Athletics,shot put women,Women,BRONZE,Athlete,,https://olympics.com/en/athletes/gael-mulhall-martin,Gael MULHALL-MARTIN,Australia,AU,AUS
Athletics,800m women,Women,GOLD,Athlete,,https://olympics.com/en/athletes/doina-besliu-melinte,Doina BESLIU-MELINTE,Romania,RO,ROU
Athletics,800m women,Women,SILVER,Athlete,,https://olympics.com/en/athletes/kimberley-ann-gallagher,Kimberley Ann GALLAGHER,United States of America,US,USA
Athletics,800m women,Women,BRONZE,Athlete,,https://olympics.com/en/athletes/fita-lovin,Fita LOVIN,Romania,RO,ROU
Athletics,200m men,Men,GOLD,Athlete,,https://olympics.com/en/athletes/carl-lewis,Carl LEWIS,United States of America,US,USA
Athletics,200m men,Men,SILVER,Athlete,,https://olympics.com/en/athletes/kirk-baptiste,Kirk BAPTISTE,United States of America,US,USA
Athletics,200m men,Men,BRONZE,Athlete,,https://olympics.com/en/athletes/thomas-theodore-jefferson,Thomas Theodore JEFFERSON,United States of America,US,USA
Athletics,marathon men,Men,GOLD,Athlete,,https://olympics.com/en/athletes/carlos-lopes,Carlos LOPES,Portugal,PT,POR
Athletics,marathon men,Men,SILVER,Athlete,,https://olympics.com/en/athletes/john-treacy-1,John TREACY,Ireland,IE,IRL
Athletics,marathon men,Men,BRONZE,Athlete,,https://olympics.com/en/athletes/charles-spedding,Charles SPEDDING,Great Britain,GB,GBR
Athletics,10000m men,Men,GOLD,Athlete,,https://olympics.com/en/athletes/alberto-cova,Alberto COVA,Italy,IT,ITA
Athletics,10000m men,Men,SILVER,Athlete,,https://olympics.com/en/athletes/michael-mcleod,Michael MCLEOD,Great Britain,GB,GBR
Athletics,10000m men,Men,BRONZE,Athlete,,https://olympics.com/en/athletes/michael-musyoki,Michael MUSYOKI,Kenya,KE,KEN
Athletics,javelin throw women,Women,GOLD,Athlete,,https://olympics.com/en/athletes/teresa-sanderson,Teresa SANDERSON,Great Britain,GB,GBR
Athletics,javelin throw women,Women,SILVER,Athlete,,https://olympics.com/en/athletes/kristiina-lillak,Kristiina LILLAK,Finland,FI,FIN
Athletics,javelin throw women,Women,BRONZE,Athlete,,https://olympics.com/en/athletes/fatima-whitbread,Fatima WHITBREAD,Great Britain,GB,GBR
Athletics,50km walk men,Men,GOLD,Athlete,,,Raúl González,Mexico,MX,MEX
Athletics,50km walk men,Men,SILVER,Athlete,,https://olympics.com/en/athletes/bo-gustafsson,Bo GUSTAFSSON,Sweden,SE,SWE
Athletics,50km walk men,Men,BRONZE,Athlete,,https://olympics.com/en/athletes/sandro-bellucci,Sandro BELLUCCI,Italy,IT,ITA
Athletics,high jump women,Women,GOLD,Athlete,,https://olympics.com/en/athletes/ulrike-meyfarth,Ulrike MEYFARTH,Federal Republic of Germany,DE,FRG
Athletics,high jump women,Women,SILVER,Athlete,,https://olympics.com/en/athletes/sara-simeoni,Sara SIMEONI,Italy,IT,ITA
Athletics,high jump women,Women,BRONZE,Athlete,,https://olympics.com/en/athletes/johanna-luann-huntley,Johanna Luann HUNTLEY,United States of America,US,USA
Athletics,100m hurdles women,Women,GOLD,Athlete,,https://olympics.com/en/athletes/benita-fitzgerald-brown,Benita FITZGERALD-BROWN,United States of America,US,USA
Athletics,100m hurdles women,Women,SILVER,Athlete,,https://olympics.com/en/athletes/shirley-strong,Shirley STRONG,Great Britain,GB,GBR
Athletics,100m hurdles women,Women,BRONZE,Athlete,,https://olympics.com/en/athletes/michele-chardonnet,Michele CHARDONNET,France,FR,FRA
Athletics,100m hurdles women,Women,BRONZE,Athlete,,https://olympics.com/en/athletes/kim-turner,Kim TURNER,United States of America,US,USA
Athletics,4x100m relay women,Women,GOLD,GameTeam,United States team,,,United States of America,US,USA
Athletics,4x100m relay women,Women,SILVER,GameTeam,Canada team,,,Canada,CA,CAN
Athletics,4x100m relay women,Women,BRONZE,GameTeam,Great Britain team,,,Great Britain,GB,GBR
Athletics,200m women,Women,GOLD,Athlete,,https://olympics.com/en/athletes/valerie-ann-brisco-hooks,Valerie Ann BRISCO-HOOKS,United States of America,US,USA
Athletics,200m women,Women,SILVER,Athlete,,https://olympics.com/en/athletes/florence-griffith-joyner,Florence GRIFFITH-JOYNER,United States of America,US,USA
Athletics,200m women,Women,BRONZE,Athlete,,https://olympics.com/en/athletes/merlene-ottey-page,Merlene OTTEY-PAGE,Jamaica,JM,JAM
Athletics,4x400m relay men,Men,GOLD,GameTeam,United States team,,,United States of America,US,USA
Athletics,4x400m relay men,Men,SILVER,GameTeam,Great Britain team,,,Great Britain,GB,GBR
Athletics,4x400m relay men,Men,BRONZE,GameTeam,Nigeria team,,,Nigeria,NG,NGR
Athletics,1500m women,Women,GOLD,Athlete,,https://olympics.com/en/athletes/gabriella-dorio,Gabriella DORIO,Italy,IT,ITA
Athletics,1500m women,Women,SILVER,Athlete,,https://olympics.com/en/athletes/doina-besliu-melinte,Doina BESLIU-MELINTE,Romania,RO,ROU
Athletics,1500m women,Women,BRONZE,Athlete,,https://olympics.com/en/athletes/maricica-puica,Maricica PUICA,Romania,RO,ROU
Athletics,discus throw women,Women,GOLD,Athlete,,https://olympics.com/en/athletes/ria-g-stalman,Ria G. STALMAN,Netherlands,NL,NED
Athletics,discus throw women,Women,SILVER,Athlete,,https://olympics.com/en/athletes/leslie-jean-deniz,Leslie Jean DENIZ,United States of America,US,USA
Athletics,discus throw women,Women,BRONZE,Athlete,,https://olympics.com/en/athletes/florenta-tacu-craiciunescu,Florenta TACU-CRAICIUNESCU,Romania,RO,ROU
Athletics,heptathlon women,Women,GOLD,Athlete,,https://olympics.com/en/athletes/glyniss-leanne-nunn-saunders-cearns,Glyniss Leanne NUNN-SAUNDERS-CEARNS,Australia,AU,AUS
Athletics,heptathlon women,Women,SILVER,Athlete,,https://olympics.com/en/athletes/jackie-joyner-kersee,Jackie JOYNER-KERSEE,United States of America,US,USA
Athletics,heptathlon women,Women,BRONZE,Athlete,,https://olympics.com/en/athletes/sabine-everts,Sabine EVERTS,Federal Republic of Germany,DE,FRG
Athletics,decathlon men,Men,GOLD,Athlete,,https://olympics.com/en/athletes/daley-thompson,Daley THOMPSON,Great Britain,GB,GBR
Athletics,decathlon men,Men,SILVER,Athlete,,https://olympics.com/en/athletes/jurgen-hingsen,Jurgen HINGSEN,Federal Republic of Germany,DE,FRG
Athletics,decathlon men,Men,BRONZE,Athlete,,https://olympics.com/en/athletes/siegfried-wentz,Siegfried WENTZ,Federal Republic of Germany,DE,FRG
Athletics,400m hurdles men,Men,GOLD,Athlete,,https://olympics.com/en/athletes/edwin-moses,Edwin MOSES,United States of America,US,USA
Athletics,400m hurdles men,Men,SILVER,Athlete,,https://olympics.com/en/athletes/daniel-lee-harris,Daniel Lee HARRIS,United States of America,US,USA
Athletics,400m hurdles men,Men,BRONZE,Athlete,,https://olympics.com/en/athletes/harald-schmid,Harald SCHMID,Federal Republic of Germany,DE,FRG
Athletics,triple jump men,Men,GOLD,Athlete,,,Al Joyner,United States of America,US,USA
Athletics,triple jump men,Men,SILVER,Athlete,,https://olympics.com/en/athletes/mike-conley,Mike CONLEY,United States of America,US,USA
Athletics,triple jump men,Men,BRONZE,Athlete,,https://olympics.com/en/athletes/keith-connor,Keith CONNOR,Great Britain,GB,GBR
Athletics,400m hurdles women,Women,GOLD,Athlete,,https://olympics.com/en/athletes/nawal-el-moutawakel,Nawal EL MOUTAWAKEL,Morocco,MA,MAR
Athletics,400m hurdles women,Women,SILVER,Athlete,,https://olympics.com/en/athletes/judith-lynne-brown,Judith Lynne BROWN,United States of America,US,USA
Athletics,400m hurdles women,Women,BRONZE,Athlete,,https://olympics.com/en/athletes/cristina-cojocaru,Cristina COJOCARU,Romania,RO,ROU
Athletics,3000m women,Women,GOLD,Athlete,,https://olympics.com/en/athletes/maricica-puica,Maricica PUICA,Romania,RO,ROU
Athletics,3000m women,Women,SILVER,Athlete,,https://olympics.com/en/athletes/wendy-sly,Wendy SLY,Great Britain,GB,GBR
Athletics,3000m women,Women,BRONZE,Athlete,,https://olympics.com/en/athletes/lynn-williams,Lynn WILLIAMS,Canada,CA,CAN
Athletics,1500m men,Men,GOLD,Athlete,,https://olympics.com/en/athletes/sebastian-coe,Sebastian COE,Great Britain,GB,GBR
Athletics,1500m men,Men,SILVER,Athlete,,https://olympics.com/en/athletes/stephen-cram,Stephen CRAM,Great Britain,GB,GBR
Athletics,1500m men,Men,BRONZE,Athlete,,https://olympics.com/en/athletes/jose-manuel-abascal-gomez,Jose Manuel ABASCAL GOMEZ,Spain,ES,ESP
Athletics,high jump men,Men,GOLD,Athlete,,https://olympics.com/en/athletes/dietmar-mogenburg,Dietmar MÖGENBURG,Federal Republic of Germany,DE,FRG
Athletics,high jump men,Men,SILVER,Athlete,,https://olympics.com/en/athletes/patrick-sjoberg,Patrick SJÖBERG,Sweden,SE,SWE
Athletics,high jump men,Men,BRONZE,Athlete,,https://olympics.com/en/athletes/jian-hua-zhu,Jian-Hua ZHU,People's Republic of China,CN,CHN
Athletics,100m men,Men,GOLD,Athlete,,https://olympics.com/en/athletes/carl-lewis,Carl LEWIS,United States of America,US,USA
Athletics,100m men,Men,SILVER,Athlete,,https://olympics.com/en/athletes/samuel-louis-graddy,Samuel Louis GRADDY,United States of America,US,USA
Athletics,100m men,Men,BRONZE,Athlete,,https://olympics.com/en/athletes/ben-johnson,Ben JOHNSON,Canada,CA,CAN
Athletics,long jump women,Women,GOLD,Athlete,,,Anișoara Stanciu-Cușmir,Romania,RO,ROU
Athletics,long jump women,Women,SILVER,Athlete,,,Valy Ionescu,Romania,RO,ROU
Athletics,long jump women,Women,BRONZE,Athlete,,https://olympics.com/en/athletes/susan-hearnshaw,Susan HEARNSHAW,Great Britain,GB,GBR
Athletics,4x100m relay men,Men,GOLD,GameTeam,United States team,,,United States of America,US,USA
Athletics,4x100m relay men,Men,SILVER,GameTeam,Jamaica team,,,Jamaica,JM,JAM
Athletics,4x100m relay men,Men,BRONZE,GameTeam,Canada team,,,Canada,CA,CAN
Hockey,hockey men,Men,GOLD,GameTeam,Pakistan team,,,Pakistan,PK,PAK
Hockey,hockey men,Men,SILVER,GameTeam,West Germany team,,,Federal Republic of Germany,DE,FRG
Hockey,hockey men,Men,BRONZE,GameTeam,Great Britain team,,,Great Britain,GB,GBR
Hockey,hockey women,Women,GOLD,GameTeam,Netherlands team,,,Netherlands,NL,NED
Hockey,hockey women,Women,SILVER,GameTeam,West Germany team,,,Federal Republic of Germany,DE,FRG
Hockey,hockey women,Women,BRONZE,GameTeam,United States team,,,United States of America,US,USA
Shooting,skeet (125 targets) mixed,Open,GOLD,Athlete,,https://olympics.com/en/athletes/matthew-alexander-dryke,Matthew Alexander DRYKE,United States of America,US,USA
Shooting,skeet (125 targets) mixed,Open,SILVER,Athlete,,https://olympics.com/en/athletes/ole-riber-rasmussen,Ole Riber RASMUSSEN,Denmark,DK,DEN
Shooting,skeet (125 targets) mixed,Open,BRONZE,Athlete,,https://olympics.com/en/athletes/luca-scribani-rossi,Luca SCRIBANI ROSSI,Italy,IT,ITA
Shooting,25m pistol 3030 shots women,Women,GOLD,Athlete,,https://olympics.com/en/athletes/linda-thom,Linda THOM,Canada,CA,CAN
Shooting,25m pistol 3030 shots women,Women,SILVER,Athlete,,https://olympics.com/en/athletes/ruby-ellen-fox,Ruby Ellen FOX,United States of America,US,USA
Shooting,25m pistol 3030 shots women,Women,BRONZE,Athlete,,https://olympics.com/en/athletes/patricia-dench,Patricia DENCH,Australia,AU,AUS
Shooting,50m rifle 3 positions 3x20 shots women,Women,GOLD,Athlete,,https://olympics.com/en/athletes/xiao-xuan-wu,Xiao-Xuan WU,People's Republic of China,CN,CHN
Shooting,50m rifle 3 positions 3x20 shots women,Women,SILVER,Athlete,,https://olympics.com/en/athletes/ulrike-holmer,Ulrike HOLMER,Federal Republic of Germany,DE,FRG
Shooting,50m rifle 3 positions 3x20 shots women,Women,BRONZE,Athlete,,https://olympics.com/en/athletes/wanda-rae-jewell,Wanda Rae JEWELL,United States of America,US,USA
Shooting,25m rapid fire pistol 60 shots men,Men,GOLD,Athlete,,https://olympics.com/en/athletes/takeo-kamachi,Takeo KAMACHI,Japan,JP,JPN
Shooting,25m rapid fire pistol 60 shots men,Men,SILVER,Athlete,,https://olympics.com/en/athletes/corneliu-ion,Corneliu ION,Romania,RO,ROU
Shooting,25m rapid fire pistol 60 shots men,Men,BRONZE,Athlete,,https://olympics.com/en/athletes/rauno-bies,Rauno BIES,Finland,FI,FIN
Shooting,50m rifle prone 60 shots men,Men,GOLD,Athlete,,https://olympics.com/en/athletes/edward-etzel,Edward ETZEL,United States of America,US,USA
Shooting,50m rifle prone 60 shots men,Men,SILVER,Athlete,,https://olympics.com/en/athletes/michel-bury,Michel BURY,France,FR,FRA
Shooting,50m rifle prone 60 shots men,Men,BRONZE,Athlete,,https://olympics.com/en/athletes/michael-sullivan,Michael SULLIVAN,Great Britain,GB,GBR
Shooting,50m pistol 60 shots men,Men,GOLD,Athlete,,https://olympics.com/en/athletes/haifeng-xu-1,Haifeng XU,People's Republic of China,CN,CHN
Shooting,50m pistol 60 shots men,Men,SILVER,Athlete,,https://olympics.com/en/athletes/ragnar-skanaker,Ragnar SKANÅKER,Sweden,SE,SWE
Shooting,50m pistol 60 shots men,Men,BRONZE,Athlete,,https://olympics.com/en/athletes/yifu-wang,Yifu WANG,People's Republic of China,CN,CHN
Shooting,10m air rifle 40 shots women,Women,GOLD,Athlete,,https://olympics.com/en/athletes/karen-patricia-spurgin,Karen Patricia SPURGIN,United States of America,US,USA
Shooting,10m air rifle 40 shots women,Women,SILVER,Athlete,,https://olympics.com/en/athletes/edith-gufler,Edith GUFLER,Italy,IT,ITA
Shooting,10m air rifle 40 shots women,Women,BRONZE,Athlete,,https://olympics.com/en/athletes/xiao-xuan-wu,Xiao-Xuan WU,People's Republic of China,CN,CHN
Shooting,10m air rifle 60 shots men,Men,GOLD,Athlete,,https://olympics.com/en/athletes/philippe-heberle,Philippe HEBERLE,France,FR,FRA
Shooting,10m air rifle 60 shots men,Men,SILVER,Athlete,,https://olympics.com/en/athletes/andreas-kronthaler,Andreas KRONTHALER,Austria,AT,AUT
Shooting,10m air rifle 60 shots men,Men,BRONZE,Athlete,,https://olympics.com/en/athletes/barry-edward-dagger,Barry Edward DAGGER,Great Britain,GB,GBR
Shooting,50m running target 3030 shot men,Men,GOLD,Athlete,,,Yuwei Li,People's Republic of China,CN,CHN
Shooting,50m running target 3030 shot men,Men,SILVER,Athlete,,https://olympics.com/en/athletes/helmut-bellingrodt,Helmut BELLINGRODT,Colombia,CO,COL
Shooting,50m running target 3030 shot men,Men,BRONZE,Athlete,,https://olympics.com/en/athletes/shi-ping-huang,Shi-Ping HUANG,People's Republic of China,CN,CHN
Shooting,trap (125 targets) mixed,Open,GOLD,Athlete,,https://olympics.com/en/athletes/luciano-giovannetti,Luciano GIOVANNETTI,Italy,IT,ITA
Shooting,trap (125 targets) mixed,Open,SILVER,Athlete,,https://olympics.com/en/athletes/francisco-boza,Francisco BOZA,Peru,PE,PER
Shooting,trap (125 targets) mixed,Open,BRONZE,Athlete,,https://olympics.com/en/athletes/daniel-thomas-carlisle,Daniel Thomas CARLISLE,United States of America,US,USA
Shooting,50m rifle 3 positions 3x40 shots men,Men,GOLD,Athlete,,https://olympics.com/en/athletes/malcolm-douglas-cooper,Malcolm Douglas COOPER,Great Britain,GB,GBR
Shooting,50m rifle 3 positions 3x40 shots men,Men,SILVER,Athlete,,,Daniel Nipkow,Switzerland,CH,SUI
Shooting,50m rifle 3 positions 3x40 shots men,Men,BRONZE,Athlete,,https://olympics.com/en/athletes/alister-millar-allan,Alister Millar ALLAN,Great Britain,GB,GBR
Wrestling,"Lightweight, Greco-Roman (≤68 kilograms) Men",Men,GOLD,Athlete,,https://olympics.com/en/athletes/vlado-lisjak,Vlado LISJAK,Yugoslavia,YUCS,YUG
Wrestling,"Lightweight, Greco-Roman (≤68 kilograms) Men",Men,SILVER,Athlete,,https://olympics.com/en/athletes/tapio-sipila,Tapio SIPILA,Finland,FI,FIN
Wrestling,"Lightweight, Greco-Roman (≤68 kilograms) Men",Men,BRONZE,Athlete,,https://olympics.com/en/athletes/james-michael-martinez,James Michael MARTINEZ,United States of America,US,USA
Wrestling,"Featherweight, Freestyle (≤62 kilograms) Men",Men,GOLD,Athlete,,https://olympics.com/en/athletes/randall-scott-lewis,Randall Scott LEWIS,United States of America,US,USA
Wrestling,"Featherweight, Freestyle (≤62 kilograms) Men",Men,SILVER,Athlete,,https://olympics.com/en/athletes/kosei-akaishi,Kosei AKAISHI,Japan,JP,JPN
Wrestling,"Featherweight, Freestyle (≤62 kilograms) Men",Men,BRONZE,Athlete,,https://olympics.com/en/athletes/jung-keun-lee,Jung-Keun LEE,Republic of Korea,KR,KOR
Wrestling,"Middleweight, Freestyle (≤82 kilograms) Men",Men,GOLD,Athlete,,https://olympics.com/en/athletes/mark-philip-schultz,Mark Philip SCHULTZ,United States of America,US,USA
Wrestling,"Middleweight, Freestyle (≤82 kilograms) Men",Men,SILVER,Athlete,,https://olympics.com/en/athletes/hideyuki-nagashima,Hideyuki NAGASHIMA,Japan,JP,JPN
Wrestling,"Middleweight, Freestyle (≤82 kilograms) Men",Men,BRONZE,Athlete,,https://olympics.com/en/athletes/christopher-rinke,Christopher RINKE,Canada,CA,CAN
Wrestling,"Bantamweight, Freestyle (≤57 kilograms) Men",Men,GOLD,Athlete,,https://olympics.com/en/athletes/hideaki-tomiyama,Hideaki TOMIYAMA,Japan,JP,JPN
Wrestling,"Bantamweight, Freestyle (≤57 kilograms) Men",Men,SILVER,Athlete,,https://olympics.com/en/athletes/barry-alan-davis,Barry Alan DAVIS,United States of America,US,USA
Wrestling,"Bantamweight, Freestyle (≤57 kilograms) Men",Men,BRONZE,Athlete,,https://olympics.com/en/athletes/eui-kon-kim,Eui-Kon KIM,Republic of Korea,KR,KOR
Wrestling,"Welterweight, Greco-Roman (≤74 kilograms) Men",Men,GOLD,Athlete,,https://olympics.com/en/athletes/jouko-salomaki,Jouko SALOMAKI,Finland,FI,FIN
Wrestling,"Welterweight, Greco-Roman (≤74 kilograms) Men",Men,SILVER,Athlete,,https://olympics.com/en/athletes/roger-tallroth,Roger TALLROTH,Sweden,SE,SWE
Wrestling,"Welterweight, Greco-Roman (≤74 kilograms) Men",Men,BRONZE,Athlete,,https://olympics.com/en/athletes/stefan-rusu,Stefan RUSU,Romania,RO,ROU
Wrestling,"Lightweight, Freestyle (≤68 kilograms) Men",Men,GOLD,Athlete,,https://olympics.com/en/athletes/in-tak-you,In-Tak YOU,Republic of Korea,KR,KOR
Wrestling,"Lightweight, Freestyle (≤68 kilograms) Men",Men,SILVER,Athlete,,https://olympics.com/en/athletes/andrew-roland-rein,Andrew Roland REIN,United States of America,US,USA
Wrestling,"Lightweight, Freestyle (≤68 kilograms) Men",Men,BRONZE,Athlete,,https://olympics.com/en/athletes/jukka-rauhala,Jukka RAUHALA,Finland,FI,FIN
Wrestling,"Heavyweight, Freestyle (≤100 kilograms) Men",Men,GOLD,Athlete,,,Lou Banach,United States of America,US,USA
Wrestling,"Heavyweight, Freestyle (≤100 kilograms) Men",Men,SILVER,Athlete,,,Joseph Atiyeh,Syrian Arab Republic,SY,SYR
Wrestling,"Heavyweight, Freestyle (≤100 kilograms) Men",Men,BRONZE,Athlete,,https://olympics.com/en/athletes/vasile-puscasu,Vasile PUSCASU,Romania,RO,ROU
Wrestling,"Featherweight, Greco-Roman (≤62 kilograms) Men",Men,GOLD,Athlete,,https://olympics.com/en/athletes/weon-kee-kim,Weon-Kee KIM,Republic of Korea,KR,KOR
Wrestling,"Featherweight, Greco-Roman (≤62 kilograms) Men",Men,SILVER,Athlete,,https://olympics.com/en/athletes/kent-olle-johansson,Kent-Olle JOHANSSON,Sweden,SE,SWE
Wrestling,"Featherweight, Greco-Roman (≤62 kilograms) Men",Men,BRONZE,Athlete,,https://olympics.com/en/athletes/hugo-dietsche,Hugo DIETSCHE,Switzerland,CH,SUI
Wrestling,"Super-Heavyweight, Greco-Roman (>100 kilograms) Men",Men,GOLD,Athlete,,https://olympics.com/en/athletes/jeffrey-carl-blatnick,Jeffrey Carl BLATNICK,United States of America,US,USA
Wrestling,"Super-Heavyweight, Greco-Roman (>100 kilograms) Men",Men,SILVER,Athlete,,https://olympics.com/en/athletes/refik-memisevic,Refik MEMISEVIC,Yugoslavia,YUCS,YUG
Wrestling,"Super-Heavyweight, Greco-Roman (>100 kilograms) Men",Men,BRONZE,Athlete,,https://olympics.com/en/athletes/victor-dolipschi,Victor DOLIPSCHI,Romania,RO,ROU
Wrestling,"Light-Flyweight, Greco-Roman (≤48 kilograms) Men",Men,GOLD,Athlete,,https://olympics.com/en/athletes/vincenzo-maenza,Vincenzo MAENZA,Italy,IT,ITA
Wrestling,"Light-Flyweight, Greco-Roman (≤48 kilograms) Men",Men,SILVER,Athlete,,https://olympics.com/en/athletes/markus-scherer,Markus SCHERER,Federal Republic of Germany,DE,FRG
Wrestling,"Light-Flyweight, Greco-Roman (≤48 kilograms) Men",Men,BRONZE,Athlete,,https://olympics.com/en/athletes/ikuzo-saito,Ikuzo SAITO,Japan,JP,JPN
Wrestling,"Flyweight, Freestyle (≤52 kilograms) Men",Men,GOLD,Athlete,,https://olympics.com/en/athletes/saban-trstena,Saban TRSTENA,Yugoslavia,YUCS,YUG
Wrestling,"Flyweight, Freestyle (≤52 kilograms) Men",Men,SILVER,Athlete,,https://olympics.com/en/athletes/jong-kyu-kim,Jong-Kyu KIM,Republic of Korea,KR,KOR
Wrestling,"Flyweight, Freestyle (≤52 kilograms) Men",Men,BRONZE,Athlete,,https://olympics.com/en/athletes/yuji-takada,Yuji TAKADA,Japan,JP,JPN
Wrestling,"Light-Heavyweight, Greco-Roman (≤90 kilograms) Men",Men,GOLD,Athlete,,https://olympics.com/en/athletes/steven-howard-fraser,Steven Howard FRASER,United States of America,US,USA
Wrestling,"Light-Heavyweight, Greco-Roman (≤90 kilograms) Men",Men,SILVER,Athlete,,https://olympics.com/en/athletes/ilie-matei,Ilie MATEI,Romania,RO,ROU
Wrestling,"Light-Heavyweight, Greco-Roman (≤90 kilograms) Men",Men,BRONZE,Athlete,,https://olympics.com/en/athletes/frank-andersson,Frank ANDERSSON,Sweden,SE,SWE
Wrestling,"Bantamweight, Greco-Roman (≤57 kilograms) Men",Men,GOLD,Athlete,,https://olympics.com/en/athletes/pasquale-passarelli,Pasquale PASSARELLI,Federal Republic of Germany,DE,FRG
Wrestling,"Bantamweight, Greco-Roman (≤57 kilograms) Men",Men,SILVER,Athlete,,https://olympics.com/en/athletes/masaki-eto,Masaki ETO,Japan,JP,JPN
Wrestling,"Bantamweight, Greco-Roman (≤57 kilograms) Men",Men,BRONZE,Athlete,,,Babis Kholidis,Greece,GR,GRE
Wrestling,"Flyweight, Greco-Roman (≤52 kilograms) Men",Men,GOLD,Athlete,,https://olympics.com/en/athletes/atsuji-miyahara,Atsuji MIYAHARA,Japan,JP,JPN
Wrestling,"Flyweight, Greco-Roman (≤52 kilograms) Men",Men,SILVER,Athlete,,https://olympics.com/en/athletes/daniel-aceves,Daniel ACEVES,Mexico,MX,MEX
Wrestling,"Flyweight, Greco-Roman (≤52 kilograms) Men",Men,BRONZE,Athlete,,https://olympics.com/en/athletes/dae-du-bang,Dae-Du BANG,Republic of Korea,KR,KOR
Wrestling,"Light-Flyweight, Freestyle (≤48 kilograms) Men",Men,GOLD,Athlete,,https://olympics.com/en/athletes/robert-brooks-weaver,Robert Brooks WEAVER,United States of America,US,USA
Wrestling,"Light-Flyweight, Freestyle (≤48 kilograms) Men",Men,SILVER,Athlete,,https://olympics.com/en/athletes/takashi-irie,Takashi IRIE,Japan,JP,JPN
Wrestling,"Light-Flyweight, Freestyle (≤48 kilograms) Men",Men,BRONZE,Athlete,,https://olympics.com/en/athletes/gab-do-son,Gab-Do SON,Republic of Korea,KR,KOR
Wrestling,"Super-Heavyweight, Freestyle (>100 kilograms) Men",Men,GOLD,Athlete,,https://olympics.com/en/athletes/bruce-robert-baumgartner,Bruce Robert BAUMGARTNER,United States of America,US,USA
Wrestling,"Super-Heavyweight, Freestyle (>100 kilograms) Men",Men,SILVER,Athlete,,https://olympics.com/en/athletes/robert-molle,Robert MOLLE,Canada,CA,CAN
Wrestling,"Super-Heavyweight, Freestyle (>100 kilograms) Men",Men,BRONZE,Athlete,,https://olympics.com/en/athletes/ayhan-taskin,Ayhan TASKIN,Turkey,TR,TUR
Wrestling,"Light-Heavyweight, Freestyle (≤90 kilograms) Men",Men,GOLD,Athlete,,,Ed Banach,United States of America,US,USA
Wrestling,"Light-Heavyweight, Freestyle (≤90 kilograms) Men",Men,SILVER,Athlete,,https://olympics.com/en/athletes/akira-ota,Akira OTA,Japan,JP,JPN
Wrestling,"Light-Heavyweight, Freestyle (≤90 kilograms) Men",Men,BRONZE,Athlete,,https://olympics.com/en/athletes/noel-loban,Noel LOBAN,Great Britain,GB,GBR
Wrestling,"Welterweight, Freestyle (≤74 kilograms) Men",Men,GOLD,Athlete,,https://olympics.com/en/athletes/david-leslie-schultz,David Leslie SCHULTZ,United States of America,US,USA
Wrestling,"Welterweight, Freestyle (≤74 kilograms) Men",Men,SILVER,Athlete,,https://olympics.com/en/athletes/martin-knosp,Martin KNOSP,Federal Republic of Germany,DE,FRG
Wrestling,"Welterweight, Freestyle (≤74 kilograms) Men",Men,BRONZE,Athlete,,https://olympics.com/en/athletes/saban-sejdi,Saban SEJDI,Yugoslavia,YUCS,YUG
Wrestling,"Heavyweight, Greco-Roman (≤100 kilograms) Men",Men,GOLD,Athlete,,https://olympics.com/en/athletes/vasile-andrei,Vasile ANDREI,Romania,RO,ROU
Wrestling,"Heavyweight, Greco-Roman (≤100 kilograms) Men",Men,SILVER,Athlete,,https://olympics.com/en/athletes/gregory-p-gibson,Gregory P. GIBSON,United States of America,US,USA
Wrestling,"Heavyweight, Greco-Roman (≤100 kilograms) Men",Men,BRONZE,Athlete,,https://olympics.com/en/athletes/jozef-tertelije,Jozef TERTELIJE,Yugoslavia,YUCS,YUG
Wrestling,"Middleweight, Greco-Roman (≤82 kilograms) Men",Men,GOLD,Athlete,,https://olympics.com/en/athletes/ion-draica,Ion DRAICA,Romania,RO,ROU
Wrestling,"Middleweight, Greco-Roman (≤82 kilograms) Men",Men,SILVER,Athlete,,https://olympics.com/en/athletes/demetrios-thanopoulos,Demetrios THANOPOULOS,Greece,GR,GRE
Wrestling,"Middleweight, Greco-Roman (≤82 kilograms) Men",Men,BRONZE,Athlete,,https://olympics.com/en/athletes/soren-claeson,Soren CLAESON,Sweden,SE,SWE
Diving,10m platform women,Women,GOLD,Athlete,,https://olympics.com/en/athletes/jihong-zhou,Jihong ZHOU,People's Republic of China,CN,CHN
Diving,10m platform women,Women,SILVER,Athlete,,https://olympics.com/en/athletes/michele-mitchell,Michele MITCHELL,United States of America,US,USA
Diving,10m platform women,Women,BRONZE,Athlete,,https://olympics.com/en/athletes/wendy-lian-wyland-williams,Wendy Lian WYLAND-WILLIAMS,United States of America,US,USA
Diving,3m springboard women,Women,GOLD,Athlete,,https://olympics.com/en/athletes/sylvie-bernier,Sylvie BERNIER,Canada,CA,CAN
Diving,3m springboard women,Women,SILVER,Athlete,,https://olympics.com/en/athletes/kelly-anne-mccormick,Kelly Anne MCCORMICK,United States of America,US,USA
Diving,3m springboard women,Women,BRONZE,Athlete,,https://olympics.com/en/athletes/christina-seufert,Christina SEUFERT,United States of America,US,USA
Diving,10m platform men,Men,GOLD,Athlete,,https://olympics.com/en/athletes/gregory-louganis,Gregory LOUGANIS,United States of America,US,USA
Diving,10m platform men,Men,SILVER,Athlete,,https://olympics.com/en/athletes/bruce-d-kimball,Bruce D. KIMBALL,United States of America,US,USA
Diving,10m platform men,Men,BRONZE,Athlete,,https://olympics.com/en/athletes/kong-zheng-li,Kong-Zheng LI,People's Republic of China,CN,CHN
Diving,3m springboard men,Men,GOLD,Athlete,,https://olympics.com/en/athletes/gregory-louganis,Gregory LOUGANIS,United States of America,US,USA
Diving,3m springboard men,Men,SILVER,Athlete,,https://olympics.com/en/athletes/liang-de-tan,Liang-De TAN,People's Republic of China,CN,CHN
Diving,3m springboard men,Men,BRONZE,Athlete,,https://olympics.com/en/athletes/ronald-marshall-merriott,Ronald Marshall MERRIOTT,United States of America,US,USA
Boxing,67-71kg lightmiddleweight men,Men,GOLD,Athlete,,https://olympics.com/en/athletes/frank-tate,Frank TATE,United States of America,US,USA
Boxing,67-71kg lightmiddleweight men,Men,SILVER,Athlete,,https://olympics.com/en/athletes/shawn-o-sullivan,Shawn O'SULLIVAN,Canada,CA,CAN
Boxing,67-71kg lightmiddleweight men,Men,BRONZE,Athlete,,https://olympics.com/en/athletes/christophe-tiozzo,Christophe TIOZZO,France,FR,FRA
Boxing,67-71kg lightmiddleweight men,Men,BRONZE,Athlete,,https://olympics.com/en/athletes/manfred-zielonka,Manfred ZIELONKA,Federal Republic of Germany,DE,FRG
Boxing,48-51kg flyweight men,Men,GOLD,Athlete,,https://olympics.com/en/athletes/steven-d-mccrory,Steven D. MCCRORY,United States of America,US,USA
Boxing,48-51kg flyweight men,Men,SILVER,Athlete,,https://olympics.com/en/athletes/redzep-redzepovski,Redzep REDZEPOVSKI,Yugoslavia,YUCS,YUG
Boxing,48-51kg flyweight men,Men,BRONZE,Athlete,,https://olympics.com/en/athletes/ibrahim-bilali,Ibrahim BILALI,Kenya,KE,KEN
Boxing,48-51kg flyweight men,Men,BRONZE,Athlete,,https://olympics.com/en/athletes/eyup-can,Eyup CAN,Turkey,TR,TUR
Boxing,81-91kg heavyweight men,Men,GOLD,Athlete,,https://olympics.com/en/athletes/henry-tillman,Henry TILLMAN,United States of America,US,USA
Boxing,81-91kg heavyweight men,Men,SILVER,Athlete,,https://olympics.com/en/athletes/willie-dewit,Willie DEWIT,Canada,CA,CAN
Boxing,81-91kg heavyweight men,Men,BRONZE,Athlete,,https://olympics.com/en/athletes/angelo-musone,Angelo MUSONE,Italy,IT,ITA
Boxing,81-91kg heavyweight men,Men,BRONZE,Athlete,,https://olympics.com/en/athletes/arnold-vanderlijde,Arnold VANDERLIJDE,Netherlands,NL,NED
Boxing,75-81kg lightheavyweight men,Men,GOLD,Athlete,,https://olympics.com/en/athletes/antun-josipovic,Antun JOSIPOVIC,Yugoslavia,YUCS,YUG
Boxing,75-81kg lightheavyweight men,Men,SILVER,Athlete,,https://olympics.com/en/athletes/kevin-barry-1,Kevin BARRY,New Zealand,NZ,NZL
Boxing,75-81kg lightheavyweight men,Men,BRONZE,Athlete,,https://olympics.com/en/athletes/evander-holyfield,Evander HOLYFIELD,United States of America,US,USA
Boxing,75-81kg lightheavyweight men,Men,BRONZE,Athlete,,https://olympics.com/en/athletes/mustapha-moussa,Mustapha MOUSSA,Algeria,DZ,ALG
Boxing,54-57kg featherweight men,Men,GOLD,Athlete,,https://olympics.com/en/athletes/meldrick-taylor,Meldrick TAYLOR,United States of America,US,USA
Boxing,54-57kg featherweight men,Men,SILVER,Athlete,,https://olympics.com/en/athletes/peter-konyegwachie,Peter KONYEGWACHIE,Nigeria,NG,NGR
Boxing,54-57kg featherweight men,Men,BRONZE,Athlete,,https://olympics.com/en/athletes/turgut-aykac,Turgut AYKAC,Turkey,TR,TUR
Boxing,54-57kg featherweight men,Men,BRONZE,Athlete,,https://olympics.com/en/athletes/omar-catari-peraza,Omar CATARI PERAZA,Venezuela,VE,VEN
Boxing,48kg lightflyweight men,Men,GOLD,Athlete,,https://olympics.com/en/athletes/paul-garza-jr-gonzalez,Paul Garza Jr. GONZALEZ,United States of America,US,USA
Boxing,48kg lightflyweight men,Men,SILVER,Athlete,,https://olympics.com/en/athletes/salvatore-todisco,Salvatore TODISCO,Italy,IT,ITA
Boxing,48kg lightflyweight men,Men,BRONZE,Athlete,,https://olympics.com/en/athletes/jose-marcelino-bolivar,Jose Marcelino BOLIVAR,Venezuela,VE,VEN
Boxing,48kg lightflyweight men,Men,BRONZE,Athlete,,https://olympics.com/en/athletes/keith-mwila,Keith MWILA,Zambia,ZM,ZAM
Boxing,63.5-67kg welterweight men,Men,GOLD,Athlete,,https://olympics.com/en/athletes/mark-anthony-breland,Mark Anthony BRELAND,United States of America,US,USA
Boxing,63.5-67kg welterweight men,Men,SILVER,Athlete,,https://olympics.com/en/athletes/young-su-an,Young-Su AN,Republic of Korea,KR,KOR
Boxing,63.5-67kg welterweight men,Men,BRONZE,Athlete,,https://olympics.com/en/athletes/joni-nyman,Joni NYMAN,Finland,FI,FIN
Boxing,63.5-67kg welterweight men,Men,BRONZE,Athlete,,https://olympics.com/en/athletes/luciano-bruno,Luciano BRUNO,Italy,IT,ITA
Boxing,51-54kg bantamweight men,Men,GOLD,Athlete,,https://olympics.com/en/athletes/maurizio-stecca,Maurizio STECCA,Italy,IT,ITA
Boxing,51-54kg bantamweight men,Men,SILVER,Athlete,,https://olympics.com/en/athletes/hector-lopez-1,Hector LOPEZ,Mexico,MX,MEX
Boxing,51-54kg bantamweight men,Men,BRONZE,Athlete,,https://olympics.com/en/athletes/dale-walters,Dale WALTERS,Canada,CA,CAN
Boxing,51-54kg bantamweight men,Men,BRONZE,Athlete,,,Pedro Nolasco,Dominican Republic,DO,DOM
Boxing,57-60kg lightweight men,Men,GOLD,Athlete,,https://olympics.com/en/athletes/pernell-whitaker,Pernell WHITAKER,United States of America,US,USA
Boxing,57-60kg lightweight men,Men,SILVER,Athlete,,https://olympics.com/en/athletes/luis-f-ortiz,Luis F. ORTIZ,Puerto Rico,PR,PUR
Boxing,57-60kg lightweight men,Men,BRONZE,Athlete,,https://olympics.com/en/athletes/martin-ndongo-ebanga,Martin NDONGO-EBANGA,Cameroon,CM,CMR
Boxing,57-60kg lightweight men,Men,BRONZE,Athlete,,,Chil-Seong Jeon,Republic of Korea,KR,KOR
Boxing,60-63.5kg lightwelterweigh men,Men,GOLD,Athlete,,https://olympics.com/en/athletes/jeremy-louis-page,Jeremy Louis PAGE,United States of America,US,USA
Boxing,60-63.5kg lightwelterweigh men,Men,SILVER,Athlete,,https://olympics.com/en/athletes/dhawee-umponmaha,Dhawee UMPONMAHA,Thailand,TH,THA
Boxing,60-63.5kg lightwelterweigh men,Men,BRONZE,Athlete,,https://olympics.com/en/athletes/mirko-puzovic,Mirko PUZOVIC,Yugoslavia,YUCS,YUG
Boxing,60-63.5kg lightwelterweigh men,Men,BRONZE,Athlete,,https://olympics.com/en/athletes/mircea-fulger,Mircea FULGER,Romania,RO,ROU
Boxing,91kg super heavyweight men,Men,GOLD,Athlete,,https://olympics.com/en/athletes/tyrell-biggs,Tyrell BIGGS,United States of America,US,USA
Boxing,91kg super heavyweight men,Men,SILVER,Athlete,,https://olympics.com/en/athletes/francesco-damiani,Francesco DAMIANI,Italy,IT,ITA
Boxing,91kg super heavyweight men,Men,BRONZE,Athlete,,https://olympics.com/en/athletes/robert-wells,Robert WELLS,Great Britain,GB,GBR
Boxing,91kg super heavyweight men,Men,BRONZE,Athlete,,https://olympics.com/en/athletes/azis-salihu,Azis SALIHU,Yugoslavia,YUCS,YUG
Boxing,71-75kg men,Men,GOLD,Athlete,,,Jun-Seop Sin,Republic of Korea,KR,KOR
Boxing,71-75kg men,Men,SILVER,Athlete,,https://olympics.com/en/athletes/virgil-eugene-hill,Virgil Eugene HILL,United States of America,US,USA
Boxing,71-75kg men,Men,BRONZE,Athlete,,https://olympics.com/en/athletes/mohamed-zaoui,Mohamed ZAOUI,Algeria,DZ,ALG
Boxing,71-75kg men,Men,BRONZE,Athlete,,https://olympics.com/en/athletes/aristides-gonzalez,Aristides GONZALEZ,Puerto Rico,PR,PUR
Archery,individual FITA round men,Men,GOLD,Athlete,,https://olympics.com/en/athletes/darrell-owen-pace,Darrell Owen PACE,United States of America,US,USA
Archery,individual FITA round men,Men,SILVER,Athlete,,https://olympics.com/en/athletes/richard-lee-mckinney,Richard Lee MCKINNEY,United States of America,US,USA
Archery,individual FITA round men,Men,BRONZE,Athlete,,https://olympics.com/en/athletes/hiroshi-yamamoto,Hiroshi YAMAMOTO,Japan,JP,JPN
Archery,individual FITA round women,Women,GOLD,Athlete,,https://olympics.com/en/athletes/hyang-soon-seo,Hyang-Soon SEO,Republic of Korea,KR,KOR
Archery,individual FITA round women,Women,SILVER,Athlete,,https://olympics.com/en/athletes/ling-juan-li,Ling-Juan LI,People's Republic of China,CN,CHN
Archery,individual FITA round women,Women,BRONZE,Athlete,,https://olympics.com/en/athletes/jin-ho-kim,Jin-Ho KIM,Republic of Korea,KR,KOR
Gymnastics Rhythmic,individual all-round women,Women,GOLD,Athlete,,https://olympics.com/en/athletes/lori-fung,Lori FUNG,Canada,CA,CAN
Gymnastics Rhythmic,individual all-round women,Women,SILVER,Athlete,,https://olympics.com/en/athletes/doina-staiculescu,Doina STAICULESCU,Romania,RO,ROU
Gymnastics Rhythmic,individual all-round women,Women,BRONZE,Athlete,,https://olympics.com/en/athletes/regina-weber,Regina WEBER,Federal Republic of Germany,DE,FRG
Handball,handball men,Men,GOLD,GameTeam,Yugoslavia team,,,Yugoslavia,YUCS,YUG
Handball,handball men,Men,SILVER,GameTeam,West Germany team,,,Federal Republic of Germany,DE,FRG
Handball,handball men,Men,BRONZE,GameTeam,Romania team,,,Romania,RO,ROU
Handball,handball women,Women,GOLD,GameTeam,Yugoslavia team,,,Yugoslavia,YUCS,YUG
Handball,handball women,Women,SILVER,GameTeam,Republic of Korea team,,,Republic of Korea,KR,KOR
Handball,handball women,Women,BRONZE,GameTeam,People's Republic of China team,,,People's Republic of China,CN,CHN
